spotId,x,y,r
1,-7.110270,6.254406,0.750886
2,-14.045993,2.265636,0.750811
3,-7.122983,-1.746509,0.750919
4,-14.058525,-5.734672,0.750837
5,-7.135683,-9.746997,0.750942
6,-14.071082,-13.735380,0.750874
7,-7.148423,-17.747168,0.750978
8,-14.083743,-21.735152,0.750895
9,-7.160480,-25.747202,0.750986
10,-14.095656,-29.734659,0.750910
11,-7.173321,-33.746306,0.751025
12,-14.108495,-37.733617,0.750971
13,-7.186296,-41.745025,0.751070
14,-14.120721,-45.731272,0.750949
15,-7.198587,-49.742202,0.751025
16,-14.132928,-53.727941,0.750966
17,-7.211708,-57.737945,0.751071
18,-14.145346,-61.722876,0.750995
19,-7.224222,-65.732709,0.751101
20,-14.157938,-69.716888,0.751023
21,-7.237622,-73.726600,0.751080
22,-14.169877,-77.709616,0.751003
23,-7.250396,-81.718485,0.751134
24,-14.182808,-85.701139,0.751069
25,-7.264134,-89.708555,0.751121
26,-14.195167,-93.690251,0.751083
27,-7.277267,-97.697811,0.751190
28,-14.207741,-101.678992,0.751073
29,-7.290595,-105.685011,0.751172
30,-14.220536,-109.665750,0.751202
31,-7.304156,-113.671740,0.751327
32,-14.233694,-117.651772,0.751286
33,-7.317977,-121.657525,0.751428
34,-14.247150,-125.637606,0.751407
35,-7.332041,-129.643220,0.751486
36,-14.260138,-133.622307,0.751530
37,-7.346390,-137.627518,0.751767
38,-14.274335,-141.607812,0.751799
39,-7.361069,-145.613601,0.751930
40,-14.288158,-149.593510,0.751979
41,-7.375311,-153.599013,0.752159
42,-14.302398,-157.579151,0.752262
43,-7.390644,-161.585752,0.752503
44,-14.317114,-165.567523,0.752644
45,-7.405611,-169.574784,0.752841
46,-14.332336,-173.556477,0.752970
47,-7.421721,-177.564453,0.753293
48,-14.348089,-181.548536,0.753478
49,-7.437503,-185.557796,0.753717
50,-14.363658,-189.542558,0.753993
51,-7.453747,-193.553519,0.754406
52,-14.379922,-197.540420,0.754657
53,-7.470507,-201.553441,0.755031
54,-14.396851,-205.542318,0.755410
55,-7.487805,-209.557642,0.755881
56,-14.414576,-213.549392,0.756338
57,-7.504976,-217.567823,0.757052
58,-20.956132,14.278186,0.750634
59,-27.891160,10.289302,0.750521
60,-20.969183,6.278286,0.750675
61,-27.904062,2.289236,0.750562
62,-20.981519,-1.722611,0.750710
63,-27.916246,-5.711140,0.750599
64,-20.993930,-9.723145,0.750744
65,-27.928474,-13.711166,0.750632
66,-21.006388,-17.723400,0.750769
67,-27.940822,-21.710203,0.750656
68,-21.018132,-25.722635,0.750791
69,-27.952633,-29.709973,0.750704
70,-21.030820,-33.721958,0.750849
71,-27.964633,-37.708346,0.750710
72,-21.042212,-41.719968,0.750846
73,-27.975792,-45.704948,0.750714
74,-21.054266,-49.716963,0.750854
75,-27.987190,-53.701112,0.750752
76,-21.065800,-57.712849,0.750878
77,-27.998804,-61.696169,0.750787
78,-21.078295,-65.706982,0.750920
79,-28.009877,-69.690191,0.750765
80,-21.090187,-73.700001,0.750888
81,-28.021072,-77.682264,0.750847
82,-21.101511,-81.692092,0.750976
83,-28.032627,-85.673134,0.750825
84,-21.113842,-89.682074,0.750947
85,-28.043604,-93.663136,0.750892
86,-21.125642,-97.671464,0.751005
87,-28.054845,-101.651059,0.750884
88,-21.137647,-105.658646,0.751043
89,-28.066487,-109.637529,0.751035
90,-21.150086,-113.644906,0.751169
91,-28.077829,-117.623734,0.751122
92,-21.162126,-121.630830,0.751280
93,-28.090336,-125.609803,0.751206
94,-21.174521,-129.615797,0.751340
95,-28.102483,-133.594091,0.751429
96,-21.188085,-137.601282,0.751648
97,-28.114598,-141.580081,0.751636
98,-21.201469,-145.586767,0.751801
99,-28.127931,-149.566062,0.751837
100,-21.215277,-153.572426,0.752049
101,-28.141136,-157.552206,0.752158
102,-21.228903,-161.559518,0.752407
103,-28.155087,-165.540434,0.752525
104,-21.243915,-169.548126,0.752727
105,-28.169712,-173.529834,0.752891
106,-21.258755,-177.538949,0.753205
107,-28.185182,-181.521856,0.753359
108,-21.274325,-185.531888,0.753631
109,-28.200700,-189.516598,0.753960
110,-21.289903,-193.528147,0.754335
111,-28.216542,-197.515219,0.754584
112,-21.307093,-201.528253,0.754964
113,-28.234141,-205.517620,0.755377
114,-21.324456,-209.532836,0.755828
115,-34.800099,22.300735,0.750314
116,-41.734120,18.311786,0.750169
117,-34.813387,14.300883,0.750354
118,-41.747189,10.312485,0.750206
119,-34.826045,6.300903,0.750391
120,-41.759664,2.313017,0.750245
121,-34.838791,-1.698605,0.750427
122,-41.772303,-5.686775,0.750279
123,-34.850866,-9.698472,0.750462
124,-41.784382,-13.686264,0.750323
125,-34.862345,-17.698075,0.750501
126,-41.795843,-21.685553,0.750351
127,-34.874796,-25.697630,0.750537
128,-41.807281,-29.683876,0.750366
129,-34.885815,-33.696325,0.750546
130,-41.818108,-37.681357,0.750401
131,-34.897538,-41.693344,0.750567
132,-41.829225,-45.678265,0.750431
133,-34.908050,-49.689839,0.750598
134,-41.839835,-53.673902,0.750473
135,-34.919538,-57.685163,0.750643
136,-41.849954,-61.668407,0.750468
137,-34.929778,-65.679414,0.750630
138,-41.860127,-69.661559,0.750516
139,-34.940828,-73.672364,0.750680
140,-41.870055,-77.653413,0.750545
141,-34.951575,-81.664093,0.750700
142,-41.880107,-85.644204,0.750587
143,-34.961744,-89.653311,0.750750
144,-41.890560,-93.633010,0.750594
145,-34.972969,-97.642059,0.750739
146,-41.900509,-101.620368,0.750709
147,-34.983004,-105.629608,0.750879
148,-41.911129,-109.607495,0.750798
149,-34.994374,-113.616248,0.750963
150,-41.921488,-117.594150,0.750925
151,-35.005473,-121.601828,0.751086
152,-41.932298,-125.579629,0.750993
153,-35.016932,-129.586940,0.751200
154,-41.943090,-133.564969,0.751294
155,-35.029182,-137.572604,0.751474
156,-41.954680,-141.550729,0.751450
157,-35.041282,-145.558386,0.751644
158,-41.966883,-149.536569,0.751694
159,-35.053996,-153.544627,0.751925
160,-41.979954,-157.523684,0.752047
161,-35.067550,-161.531815,0.752303
162,-41.993243,-165.512819,0.752368
163,-35.081162,-169.520988,0.752611
164,-42.006677,-173.502432,0.752827
165,-35.095650,-177.512054,0.753115
166,-42.021965,-181.495479,0.753253
167,-35.111072,-185.505725,0.753573
168,-42.036910,-189.490952,0.753925
169,-35.126912,-193.502705,0.754263
170,-42.053984,-197.490216,0.754543
171,-35.143903,-201.503476,0.754941
172,-48.639949,30.320258,0.749899
173,-55.572841,26.331035,0.749725
174,-48.654374,22.321804,0.749947
175,-55.586245,18.333162,0.749761
176,-48.667387,14.323273,0.749999
177,-55.599772,10.334422,0.749804
178,-48.680422,6.323784,0.750039
179,-55.612690,2.336218,0.749854
180,-48.692814,-1.675221,0.750076
181,-55.624955,-5.663043,0.749888
182,-48.705305,-9.674597,0.750111
183,-55.636641,-13.661213,0.749928
184,-48.716401,-17.672889,0.750141
185,-55.647767,-21.659147,0.749961
186,-48.727608,-25.671716,0.750175
187,-55.658334,-29.656951,0.749992
188,-48.738352,-33.668992,0.750205
189,-55.669127,-37.654009,0.750036
190,-48.749301,-41.666323,0.750239
191,-55.679498,-45.649728,0.750070
192,-48.759804,-49.661607,0.750276
193,-55.689197,-53.644759,0.750077
194,-48.769751,-57.656372,0.750281
195,-55.698406,-61.638572,0.750142
196,-48.779797,-65.649816,0.750334
197,-55.708109,-69.631582,0.750167
198,-48.789619,-73.642605,0.750364
199,-55.717209,-77.622691,0.750215
200,-48.798827,-81.633520,0.750408
201,-55.726018,-85.612420,0.750240
202,-48.808463,-89.623145,0.750429
203,-55.735026,-93.601276,0.750320
204,-48.817567,-97.611192,0.750520
205,-55.744094,-101.588868,0.750427
206,-48.827409,-105.598880,0.750621
207,-55.753696,-109.576517,0.750548
208,-48.837038,-113.585221,0.750745
209,-55.763173,-117.562228,0.750622
210,-48.847187,-121.571167,0.750802
211,-55.772461,-125.547623,0.750859
212,-48.857977,-129.556429,0.751078
213,-55.782887,-133.534303,0.751052
214,-48.869000,-137.542993,0.751249
215,-55.793995,-141.519930,0.751250
216,-48.880666,-145.528642,0.751470
217,-55.805251,-149.506859,0.751549
218,-48.892478,-153.515168,0.751799
219,-55.817697,-157.494666,0.751907
220,-48.905380,-161.503580,0.752146
221,-55.830425,-165.484060,0.752241
222,-48.918466,-169.492917,0.752530
223,-55.844443,-173.475425,0.752720
224,-48.932787,-177.485450,0.752977
225,-55.858967,-181.468265,0.753213
226,-48.947518,-185.479725,0.753574
227,-55.874418,-189.465253,0.753864
228,-48.963843,-193.477597,0.754191
229,-62.475493,38.336262,0.749440
230,-69.406300,34.347622,0.749217
231,-62.490636,30.339622,0.749476
232,-69.421357,26.350901,0.749267
233,-62.504467,22.342351,0.749514
234,-69.435006,18.354180,0.749310
235,-62.517719,14.345041,0.749562
236,-69.448071,10.356624,0.749352
237,-62.531103,6.346812,0.749608
238,-69.460590,2.358875,0.749395
239,-62.543143,-1.651658,0.749640
240,-69.473330,-5.638451,0.749438
241,-62.555361,-9.649755,0.749685
242,-69.484792,-13.636181,0.749474
243,-62.567020,-17.647567,0.749723
244,-69.495757,-21.632945,0.749517
245,-62.577402,-25.645188,0.749770
246,-69.506146,-29.629569,0.749547
247,-62.588077,-33.642042,0.749810
248,-69.515908,-37.625348,0.749584
249,-62.598211,-41.637418,0.749835
250,-69.526032,-45.620516,0.749642
251,-62.607643,-49.632785,0.749869
252,-69.535168,-53.614528,0.749678
253,-62.616848,-57.626331,0.749933
254,-69.543677,-61.607982,0.749718
255,-62.626364,-65.619561,0.749949
256,-69.552609,-69.599716,0.749783
257,-62.634615,-73.610923,0.750010
258,-69.560371,-77.590483,0.749804
259,-62.643295,-81.601548,0.750028
260,-69.568510,-85.579711,0.749908
261,-62.652228,-89.590548,0.750125
262,-69.576764,-93.568155,0.750006
263,-62.660506,-97.578891,0.750222
264,-69.585589,-101.556436,0.750115
265,-62.669356,-105.566430,0.750335
266,-69.593599,-109.543323,0.750200
267,-62.678113,-113.552701,0.750411
268,-69.602178,-117.528845,0.750406
269,-62.687407,-121.538465,0.750632
270,-69.612069,-125.516073,0.750608
271,-62.697200,-129.525351,0.750834
272,-69.621999,-133.502039,0.750794
273,-62.707730,-137.511092,0.751024
274,-69.632119,-141.488831,0.751059
275,-62.718425,-145.497869,0.751311
276,-69.642791,-149.475937,0.751407
277,-62.730370,-153.485239,0.751662
278,-69.654738,-157.465270,0.751709
279,-62.742733,-161.474154,0.751969
280,-69.667980,-165.454890,0.752171
281,-62.755615,-169.465261,0.752451
282,-69.681267,-173.447332,0.752579
283,-62.769908,-177.457791,0.752883
284,-69.696213,-181.442602,0.753227
285,-62.785138,-185.453785,0.753545
286,-76.305126,46.348330,0.748915
287,-83.234104,42.359501,0.748667
288,-76.321051,38.354125,0.748951
289,-83.249983,34.365253,0.748713
290,-76.335749,30.358688,0.748991
291,-83.264453,26.370361,0.748756
292,-76.350728,22.362583,0.749032
293,-83.278357,18.374003,0.748795
294,-76.364364,14.365678,0.749075
295,-83.291791,10.378317,0.748839
296,-76.377416,6.369352,0.749123
297,-83.304711,2.381688,0.748881
298,-76.389874,-1.627984,0.749164
299,-83.317140,-5.614501,0.748924
300,-76.401781,-9.624929,0.749210
301,-83.328353,-13.610344,0.748967
302,-76.412382,-17.621556,0.749248
303,-83.339113,-21.606727,0.749016
304,-76.423203,-25.617999,0.749287
305,-83.349453,-29.601515,0.749065
306,-76.433646,-33.613647,0.749333
307,-83.359242,-37.596265,0.749105
308,-76.443025,-41.608651,0.749385
309,-83.368549,-45.590337,0.749158
310,-76.451874,-49.602270,0.749424
311,-83.376835,-53.583939,0.749216
312,-76.460961,-57.595369,0.749475
313,-83.385456,-61.575624,0.749253
314,-76.469062,-65.587471,0.749528
315,-83.392837,-69.566907,0.749329
316,-76.477348,-73.578445,0.749568
317,-83.401067,-77.556933,0.749434
318,-76.484758,-81.568015,0.749682
319,-83.408448,-85.546455,0.749520
320,-76.492958,-89.557362,0.749766
321,-83.416523,-93.534968,0.749638
322,-76.501027,-97.545707,0.749885
323,-83.423695,-101.522497,0.749718
324,-76.509023,-105.532529,0.749964
325,-83.431653,-109.508711,0.749939
326,-76.516872,-113.519441,0.750174
327,-83.440256,-117.496202,0.750123
328,-76.526127,-121.506372,0.750373
329,-83.449668,-125.482923,0.750307
330,-76.535435,-129.492661,0.750554
331,-83.459378,-133.469440,0.750558
332,-76.545719,-137.479632,0.750814
333,-83.468966,-141.457340,0.750885
334,-76.555856,-145.466674,0.751149
335,-83.480790,-149.445675,0.751189
336,-76.567388,-153.455058,0.751450
337,-83.492423,-157.435208,0.751603
338,-76.580195,-161.444913,0.751886
339,-83.505851,-165.427277,0.752002
340,-76.593187,-169.437455,0.752290
341,-83.519453,-173.420486,0.752580
342,-76.607839,-177.431558,0.752902
343,-90.129139,54.356246,0.748344
344,-97.055751,50.367157,0.748088
345,-90.145909,46.364331,0.748389
346,-97.072421,42.375194,0.748121
347,-90.162039,38.370440,0.748424
348,-97.088517,34.381948,0.748164
349,-90.176993,30.376793,0.748458
350,-97.103286,26.388819,0.748203
351,-90.191439,22.381729,0.748500
352,-97.117530,18.394219,0.748241
353,-90.206106,14.386600,0.748545
354,-97.131319,10.399539,0.748282
355,-90.218751,6.391350,0.748589
356,-97.143903,2.404680,0.748327
357,-90.231645,-1.604170,0.748632
358,-97.156032,-5.590486,0.748373
359,-90.243299,-9.600036,0.748679
360,-97.167737,-13.585325,0.748421
361,-90.254474,-17.595618,0.748725
362,-97.178290,-21.579934,0.748474
363,-90.264441,-25.590254,0.748770
364,-97.188445,-29.573692,0.748527
365,-90.274001,-33.584832,0.748825
366,-97.197369,-37.567409,0.748577
367,-90.283248,-41.578756,0.748881
368,-97.205862,-45.559702,0.748637
369,-90.292065,-49.572088,0.748926
370,-97.214163,-53.552311,0.748716
371,-90.300369,-57.564112,0.748987
372,-97.222476,-61.543245,0.748799
373,-90.307827,-65.555188,0.749078
374,-97.230593,-69.534061,0.748884
375,-90.316063,-73.545629,0.749163
376,-97.237894,-77.523465,0.748994
377,-90.323384,-81.534662,0.749262
378,-97.245139,-85.512409,0.749085
379,-90.331458,-89.523401,0.749371
380,-97.252891,-93.500132,0.749221
381,-90.338529,-97.510956,0.749471
382,-97.260499,-101.487613,0.749431
383,-90.346626,-105.498873,0.749693
384,-97.268480,-109.475691,0.749586
385,-90.354573,-113.486251,0.749860
386,-97.277329,-117.462796,0.749785
387,-90.363340,-121.472731,0.750048
388,-97.285882,-125.449525,0.750038
389,-90.372460,-129.459668,0.750302
390,-97.295951,-133.437386,0.750348
391,-90.382287,-137.447100,0.750621
392,-97.306056,-141.425953,0.750637
393,-90.393620,-145.436250,0.750916
394,-97.317590,-149.415437,0.751036
395,-90.404826,-153.425664,0.751316
396,-97.330328,-157.407002,0.751420
397,-90.417932,-161.416650,0.751716
398,-97.344070,-165.399968,0.751953
399,-90.431969,-169.410012,0.752262
400,-103.946908,62.360163,0.747807
401,-110.872487,58.371975,0.747543
402,-103.964582,54.369936,0.747821
403,-110.889848,50.381596,0.747547
404,-103.981104,46.378770,0.747836
405,-110.906155,42.390255,0.747567
406,-103.997314,38.386538,0.747858
407,-110.922091,34.398503,0.747589
408,-104.013231,30.393831,0.747889
409,-110.937662,26.406208,0.747619
410,-104.027978,22.400481,0.747927
411,-110.951380,18.413270,0.747655
412,-104.042254,14.407088,0.747970
413,-110.965495,10.420255,0.747696
414,-104.055286,6.412811,0.748017
415,-110.978485,2.427068,0.747741
416,-104.067873,-1.580974,0.748061
417,-110.990345,-5.566411,0.747792
418,-104.080009,-9.575121,0.748109
419,-111.001861,-13.559568,0.747844
420,-104.090944,-17.569717,0.748161
421,-111.012324,-21.552515,0.747903
422,-104.100746,-25.562624,0.748216
423,-111.022518,-29.545402,0.747969
424,-104.110193,-33.556231,0.748276
425,-111.031720,-37.537595,0.748036
426,-104.119479,-41.548475,0.748346
427,-111.040664,-45.529991,0.748116
428,-104.127862,-49.541001,0.748425
429,-111.048742,-53.520498,0.748203
430,-104.136056,-57.531690,0.748505
431,-111.057497,-61.511593,0.748297
432,-104.144095,-65.522214,0.748599
433,-111.064571,-69.501038,0.748387
434,-104.152126,-73.512064,0.748700
435,-111.072248,-77.489795,0.748519
436,-104.159154,-81.501201,0.748795
437,-111.079723,-85.478508,0.748697
438,-104.166284,-89.489303,0.748971
439,-111.087625,-93.466609,0.748846
440,-104.174121,-97.477137,0.749148
441,-111.095602,-101.454781,0.749019
442,-104.182104,-105.465216,0.749308
443,-111.103933,-109.441947,0.749229
444,-104.190307,-113.452286,0.749511
445,-111.112903,-117.429405,0.749492
446,-104.199047,-121.439694,0.749769
447,-111.122023,-125.417721,0.749783
448,-104.209392,-129.427369,0.750073
449,-111.132591,-133.406257,0.750061
450,-104.219734,-137.416246,0.750350
451,-111.144100,-141.396368,0.750459
452,-104.230862,-145.405950,0.750752
453,-111.156106,-149.387258,0.750822
454,-104.243251,-153.396738,0.751125
455,-111.169309,-157.380046,0.751342
456,-104.256710,-161.389514,0.751648
457,-117.761689,70.361416,0.747275
458,-124.685990,66.372591,0.747017
459,-117.779491,62.372545,0.747254
460,-124.703840,58.384101,0.746983
461,-117.797006,54.383664,0.747264
462,-124.721072,50.395021,0.746972
463,-117.814081,46.393078,0.747274
464,-124.737378,42.405024,0.746986
465,-117.830118,38.402213,0.747289
466,-124.753338,34.414628,0.747003
467,-117.845898,30.410914,0.747310
468,-124.768229,26.423725,0.747027
469,-117.860625,22.419040,0.747341
470,-124.782839,18.432174,0.747059
471,-117.874272,14.426448,0.747375
472,-124.796451,10.440604,0.747096
473,-117.887616,6.434488,0.747419
474,-124.809818,2.448862,0.747141
475,-117.900629,-1.558465,0.747468
476,-124.821441,-5.543155,0.747193
477,-117.911854,-9.551009,0.747520
478,-124.832852,-13.534866,0.747253
479,-117.923550,-17.543319,0.747582
480,-124.844069,-21.526409,0.747321
481,-117.933490,-25.535477,0.747646
482,-124.854346,-29.517904,0.747392
483,-117.943215,-33.527655,0.747719
484,-124.863665,-37.509479,0.747470
485,-117.952807,-41.519263,0.747799
486,-124.872033,-45.499754,0.747559
487,-117.961545,-49.509684,0.747886
488,-124.880359,-53.489693,0.747663
489,-117.969286,-57.500505,0.747975
490,-124.888984,-61.479620,0.747797
491,-117.976895,-65.489653,0.748092
492,-124.897237,-69.469022,0.747932
493,-117.984862,-73.479090,0.748244
494,-124.905623,-77.457224,0.748072
495,-117.992580,-81.467613,0.748393
496,-124.913374,-85.445891,0.748235
497,-118.001150,-89.455964,0.748542
498,-124.921483,-93.433874,0.748423
499,-118.009158,-97.444353,0.748724
500,-124.930188,-101.421581,0.748650
501,-118.016902,-105.431714,0.748943
502,-124.938971,-109.410220,0.748910
503,-118.026125,-113.420090,0.749207
504,-124.949326,-117.398590,0.749165
505,-118.035522,-121.408410,0.749479
506,-124.959618,-125.387575,0.749482
507,-118.045560,-129.396703,0.749773
508,-124.970515,-133.377396,0.749845
509,-118.057506,-137.386631,0.750157
510,-124.983212,-141.368127,0.750216
511,-118.069103,-145.377733,0.750518
512,-124.996835,-149.360819,0.750726
513,-118.082867,-153.370007,0.751036
514,-131.574901,78.359860,0.746815
515,-138.499711,74.372683,0.746530
516,-131.593228,70.372760,0.746765
517,-138.516887,66.385414,0.746473
518,-131.610713,62.385283,0.746736
519,-138.534106,58.396989,0.746442
520,-131.627289,54.396481,0.746711
521,-138.550553,50.408690,0.746419
522,-131.643848,46.406962,0.746699
523,-138.566916,42.420304,0.746412
524,-131.659741,38.418069,0.746698
525,-138.582423,34.430931,0.746415
526,-131.675564,30.427316,0.746710
527,-138.597129,26.441164,0.746428
528,-131.690497,22.437516,0.746736
529,-138.611030,18.450834,0.746451
530,-131.704427,14.446265,0.746771
531,-138.624865,10.460507,0.746489
532,-131.717387,6.455670,0.746814
533,-138.637877,2.470789,0.746534
534,-131.730101,-1.535916,0.746864
535,-138.650023,-5.519968,0.746588
536,-131.741862,-9.527112,0.746921
537,-138.662111,-13.510436,0.746652
538,-131.753430,-17.518067,0.746985
539,-138.672682,-21.500738,0.746728
540,-131.763331,-25.508884,0.747060
541,-138.683284,-29.491074,0.746813
542,-131.773142,-33.499752,0.747143
543,-138.693206,-37.480848,0.746910
544,-131.783029,-41.490116,0.747238
545,-138.703166,-45.470982,0.747019
546,-131.791634,-49.480167,0.747354
547,-138.711708,-53.460109,0.747139
548,-131.800431,-57.469368,0.747474
549,-138.720396,-61.449207,0.747273
550,-131.809291,-65.458591,0.747604
551,-138.729359,-69.437754,0.747425
552,-131.817532,-73.447263,0.747751
553,-138.737994,-77.426007,0.747601
554,-131.826061,-81.435668,0.747919
555,-138.747233,-85.414306,0.747806
556,-131.834319,-89.424116,0.748116
557,-138.756505,-93.402998,0.748033
558,-131.843291,-97.412268,0.748349
559,-138.765733,-101.391535,0.748263
560,-131.852378,-105.400495,0.748594
561,-138.775645,-109.380165,0.748543
562,-131.862107,-113.388909,0.748850
563,-138.786853,-117.368897,0.748868
564,-131.872800,-121.378058,0.749187
565,-138.798401,-125.359401,0.749186
566,-131.884842,-129.367866,0.749518
567,-138.811283,-133.350714,0.749615
568,-131.896419,-137.359103,0.749915
569,-138.825484,-141.343161,0.750064
570,-131.910714,-145.351639,0.750402
571,-145.389831,86.358310,0.746427
572,-152.315979,82.371675,0.746128
573,-145.407284,78.372177,0.746325
574,-152.332190,74.385327,0.746032
575,-145.423647,70.384739,0.746243
576,-152.348721,66.398244,0.745953
577,-145.441113,62.397894,0.746184
578,-152.364893,58.410985,0.745892
579,-145.457251,54.409904,0.746143
580,-152.380631,50.423291,0.745849
581,-145.473499,46.421992,0.746125
582,-152.396605,42.435647,0.745828
583,-145.489015,38.433217,0.746118
584,-152.411960,34.447099,0.745822
585,-145.504523,30.444123,0.746122
586,-152.426661,26.458196,0.745828
587,-145.519266,22.455304,0.746139
588,-152.440689,18.469506,0.745852
589,-145.533221,14.465844,0.746168
590,-152.454025,10.480856,0.745883
591,-145.546393,6.475585,0.746207
592,-152.467399,2.491314,0.745929
593,-145.558822,-1.514136,0.746255
594,-152.479346,-5.497754,0.745985
595,-145.570518,-9.503480,0.746319
596,-152.491363,-13.487293,0.746054
597,-145.582225,-17.493370,0.746392
598,-152.502757,-21.475956,0.746135
599,-145.593222,-25.483203,0.746476
600,-152.513529,-29.465411,0.746231
601,-145.603532,-33.473141,0.746571
602,-152.523764,-37.454343,0.746339
603,-145.613226,-41.461859,0.746678
604,-152.533531,-45.442948,0.746463
605,-145.623082,-49.451057,0.746799
606,-152.542925,-53.431442,0.746607
607,-145.631703,-57.440160,0.746939
608,-152.552817,-61.420088,0.746766
609,-145.640722,-65.428690,0.747098
610,-152.562583,-69.408386,0.746945
611,-145.650286,-73.416925,0.747279
612,-152.572948,-77.396566,0.747140
613,-145.659801,-81.405161,0.747482
614,-152.582350,-85.385542,0.747354
615,-145.669240,-89.393628,0.747696
616,-152.592692,-93.373533,0.747614
617,-145.679263,-97.382523,0.747935
618,-152.604234,-101.363263,0.747892
619,-145.689606,-105.370888,0.748229
620,-152.615255,-109.352568,0.748185
621,-145.701190,-113.360696,0.748526
622,-152.627627,-117.342803,0.748559
623,-145.713031,-121.350536,0.748871
624,-152.641982,-125.334060,0.748953
625,-145.725887,-129.342136,0.749299
626,-152.656474,-133.327187,0.749376
627,-145.740634,-137.335277,0.749719
628,-159.209844,94.358761,0.746108
629,-166.137774,90.372724,0.745792
630,-159.225738,86.371890,0.745957
631,-166.153161,82.385615,0.745649
632,-159.241674,78.384948,0.745826
633,-166.167647,74.398990,0.745525
634,-159.257520,70.398329,0.745725
635,-166.183595,66.412591,0.745424
636,-159.273739,62.411639,0.745654
637,-166.198702,58.425442,0.745345
638,-159.288750,54.424658,0.745599
639,-166.213561,50.438709,0.745291
640,-159.304082,46.437153,0.745557
641,-166.228760,42.451362,0.745256
642,-159.319729,38.448909,0.745532
643,-166.243523,34.463950,0.745236
644,-159.334159,30.461234,0.745526
645,-166.257849,26.476273,0.745234
646,-159.348802,22.473141,0.745535
647,-166.271726,18.488131,0.745248
648,-159.362114,14.484469,0.745563
649,-166.284405,10.500095,0.745275
650,-159.375611,6.496503,0.745600
651,-166.297381,2.511942,0.745320
652,-159.387748,-1.492399,0.745651
653,-166.309922,-5.475752,0.745378
654,-159.400070,-9.480947,0.745716
655,-166.322025,-13.463924,0.745453
656,-159.411831,-17.470048,0.745795
657,-166.333717,-21.452765,0.745543
658,-159.423106,-25.458384,0.745887
659,-166.345064,-29.440972,0.745649
660,-159.433931,-33.446897,0.745997
661,-166.356850,-37.428760,0.745770
662,-159.444382,-41.435790,0.746119
663,-166.367571,-45.417046,0.745907
664,-159.455328,-49.423804,0.746261
665,-166.378038,-53.405306,0.746065
666,-159.465267,-57.412620,0.746420
667,-166.388428,-61.393051,0.746244
668,-159.475724,-65.400980,0.746592
669,-166.399703,-69.381366,0.746447
670,-159.486001,-73.389094,0.746789
671,-166.410454,-77.369756,0.746671
672,-159.496411,-81.377336,0.747020
673,-166.422055,-85.359207,0.746905
674,-159.507189,-89.366098,0.747272
675,-166.433986,-93.347801,0.747188
676,-159.518916,-97.354821,0.747535
677,-166.446796,-101.337663,0.747517
678,-159.531002,-105.344615,0.747855
679,-166.460558,-109.328434,0.747857
680,-159.544149,-113.335511,0.748223
681,-166.475120,-117.320359,0.748239
682,-159.558276,-121.327068,0.748595
683,-166.490997,-125.313401,0.748687
684,-159.573355,-129.320397,0.749034
685,-173.039667,102.362791,0.745895
686,-179.970990,98.378662,0.745566
687,-173.052667,94.374492,0.745680
688,-179.983269,90.390011,0.745354
689,-173.066165,86.387496,0.745487
690,-179.996679,82.402466,0.745176
691,-173.080892,78.399958,0.745328
692,-180.009687,74.414998,0.745021
693,-173.095780,70.413666,0.745212
694,-180.023868,66.428042,0.744891
695,-173.109749,62.426748,0.745115
696,-180.037533,58.441264,0.744793
697,-173.124320,54.439684,0.745039
698,-180.051951,50.454284,0.744723
699,-173.139533,46.452990,0.744983
700,-180.066228,42.467583,0.744676
701,-173.153820,38.465697,0.744950
702,-180.079586,34.480944,0.744643
703,-173.167847,30.478290,0.744936
704,-180.093526,26.494111,0.744630
705,-173.181559,22.491293,0.744935
706,-180.107274,18.506878,0.744639
707,-173.194904,14.503749,0.744957
708,-180.120070,10.519793,0.744663
709,-173.208637,6.516191,0.744992
710,-180.133391,2.531862,0.744708
711,-173.221252,-1.471544,0.745044
712,-180.145779,-5.454842,0.744769
713,-173.233510,-9.459665,0.745111
714,-180.157956,-13.442793,0.744846
715,-173.245446,-17.447618,0.745197
716,-180.170003,-21.429954,0.744944
717,-173.257105,-25.434853,0.745297
718,-180.182683,-29.418057,0.745057
719,-173.268508,-33.423075,0.745414
720,-180.194576,-37.405045,0.745189
721,-173.279770,-41.411007,0.745549
722,-180.206414,-45.393405,0.745342
723,-173.291019,-49.398898,0.745710
724,-180.218274,-53.381119,0.745512
725,-173.303090,-57.387022,0.745888
726,-180.229545,-61.369194,0.745707
727,-173.314481,-65.374825,0.746079
728,-180.242017,-69.357262,0.745938
729,-173.325922,-73.363306,0.746298
730,-180.255150,-77.346431,0.746190
731,-173.337717,-81.352083,0.746553
732,-180.268945,-85.335489,0.746462
733,-173.350291,-89.341647,0.746838
734,-180.282608,-93.326211,0.746766
735,-173.364452,-97.331616,0.747148
736,-180.298038,-101.316874,0.747117
737,-173.378577,-105.322209,0.747485
738,-180.314090,-109.308764,0.747506
739,-173.393798,-113.314009,0.747879
740,-180.330963,-117.302398,0.747955
741,-173.410548,-121.307682,0.748321
742,-186.884040,110.374062,0.745803
743,-193.822152,106.392048,0.745499
744,-186.893378,102.383355,0.745493
745,-193.830420,98.400372,0.745160
746,-186.904587,94.393985,0.745234
747,-193.839720,90.411045,0.744897
748,-186.915945,86.405494,0.745019
749,-193.850057,82.421790,0.744678
750,-186.928000,78.418158,0.744839
751,-193.861996,74.433638,0.744499
752,-186.941197,70.430772,0.744694
753,-193.873881,66.446228,0.744348
754,-186.953894,62.443023,0.744573
755,-193.886261,58.459162,0.744235
756,-186.966886,54.456122,0.744476
757,-193.898965,50.472101,0.744143
758,-186.980899,46.469766,0.744402
759,-193.911909,42.485498,0.744076
760,-186.994298,38.482944,0.744355
761,-193.924291,34.498354,0.744034
762,-187.007725,30.496111,0.744328
763,-193.937622,26.511879,0.744010
764,-187.021098,22.509019,0.744323
765,-193.950332,18.525098,0.744009
766,-187.034392,14.522185,0.744336
767,-193.963158,10.538503,0.744030
768,-187.046835,6.535406,0.744372
769,-193.976076,2.551854,0.744073
770,-187.059934,-1.451571,0.744423
771,-193.989084,-5.435083,0.744134
772,-187.072943,-9.438943,0.744493
773,-194.001462,-13.421772,0.744215
774,-187.085142,-17.426163,0.744582
775,-194.014745,-21.409237,0.744316
776,-187.097320,-25.413468,0.744690
777,-194.027510,-29.396187,0.744441
778,-187.109551,-33.400339,0.744817
779,-194.039798,-37.383626,0.744586
780,-187.121914,-41.387770,0.744967
781,-194.053177,-45.371848,0.744752
782,-187.134556,-49.376039,0.745141
783,-194.066210,-53.359584,0.744941
784,-187.146898,-57.363924,0.745335
785,-194.080503,-61.347911,0.745154
786,-187.160476,-65.352497,0.745555
787,-194.093980,-69.337112,0.745396
788,-187.173809,-73.341249,0.745797
789,-194.109159,-77.326877,0.745672
790,-187.187780,-81.330526,0.746069
791,-194.124718,-85.316814,0.745984
792,-187.202701,-89.320770,0.746383
793,-194.141589,-93.308124,0.746333
794,-187.218861,-97.312457,0.746729
795,-194.159651,-101.301480,0.746753
796,-187.235710,-105.304529,0.747120
797,-194.180534,-109.296318,0.747215
798,-187.254637,-113.298534,0.747607
799,6.749040,6.231427,0.751008
800,6.761385,14.232002,0.750959
801,-0.174232,10.243704,0.750928
802,-0.162045,18.244116,0.750875
803,-7.097537,14.255727,0.750835
804,-7.084794,22.256092,0.750798
805,-14.020934,18.266840,0.750732
806,-14.007695,26.267233,0.750677
807,-20.943843,22.278625,0.750582
808,-20.930759,30.278178,0.750543
809,-27.865457,26.289528,0.750437
810,-27.852037,34.288586,0.750401
811,-34.786964,30.299881,0.750279
812,-34.772995,38.298273,0.750200
813,-41.707229,34.309330,0.750050
814,-41.692635,42.306235,0.750013
815,-48.626418,38.317264,0.749854
816,-48.611496,46.314450,0.749806
817,-55.544131,42.325406,0.749626
818,-55.528860,50.320698,0.749584
819,-62.460382,46.332262,0.749372
820,-62.444453,54.326901,0.749329
821,-69.375703,50.337639,0.749140
822,-69.359701,58.331385,0.749097
823,-76.289234,54.341995,0.748860
824,-76.272704,62.334539,0.748832
825,-83.201479,58.345852,0.748599
826,-83.183874,66.336664,0.748550
827,-90.111710,62.347748,0.748311
828,-90.094001,70.337740,0.748313
829,-97.020821,66.348996,0.748069
830,-97.003204,74.338401,0.748062
831,-103.929660,70.349613,0.747809
832,-103.911394,78.338524,0.747816
833,-110.836774,74.349632,0.747539
834,-110.817631,82.337209,0.747574
835,-117.743303,78.349264,0.747331
836,-117.725088,86.336332,0.747386
837,-124.650397,82.348487,0.747098
838,-124.632387,90.334656,0.747164
839,-131.557378,86.346826,0.746887
840,-131.539319,94.333275,0.746985
841,-138.464585,90.345703,0.746713
842,-138.446941,98.332139,0.746840
843,-145.373525,94.345551,0.746546
844,-145.356016,102.331919,0.746688
845,-152.282612,98.344833,0.746405
846,-152.266735,106.331748,0.746588
847,-159.194569,102.345730,0.746276
848,-159.180168,110.333241,0.746502
849,-166.109216,106.347839,0.746213
850,-166.095785,114.336819,0.746463
851,-173.027061,110.351924,0.746142
852,-173.015208,118.341717,0.746445
853,-179.948779,114.357619,0.746125
854,-179.939408,122.349031,0.746494
855,-186.876607,118.367013,0.746203
856,20.620293,14.208520,0.751005
857,20.632407,22.208973,0.750950
858,13.697374,18.220911,0.750966
859,13.709339,26.220538,0.750921
860,6.773794,22.232368,0.750924
861,6.786277,30.232686,0.750867
862,-0.149077,26.244464,0.750847
863,-0.136800,34.243935,0.750778
864,-7.072781,30.255648,0.750740
865,-7.059958,38.254388,0.750698
866,-13.995126,34.266710,0.750625
867,-13.981869,42.265031,0.750613
868,-20.917049,38.277198,0.750510
869,-20.904096,46.274965,0.750436
870,-27.838621,42.286301,0.750335
871,-27.824993,50.283853,0.750270
872,-34.758860,46.295089,0.750150
873,-34.744874,54.291524,0.750101
874,-41.678186,50.302655,0.749962
875,-41.663810,58.297939,0.749925
876,-48.596687,54.309724,0.749763
877,-48.581097,62.303803,0.749682
878,-55.513477,58.315375,0.749514
879,-55.497470,66.308300,0.749498
880,-62.428859,62.319875,0.749308
881,-62.411834,70.312596,0.749231
882,-69.342864,66.323196,0.749043
883,-69.325527,74.314942,0.749015
884,-76.254949,70.326233,0.748792
885,-76.237109,78.315382,0.748744
886,-83.165660,74.327273,0.748535
887,-83.147271,82.316012,0.748548
888,-90.075307,78.327210,0.748307
889,-90.056940,86.315428,0.748319
890,-96.984547,82.327336,0.748078
891,-96.965479,90.314394,0.748074
892,-103.891844,86.326122,0.747817
893,-103.872948,94.312158,0.747897
894,-110.799541,90.324166,0.747657
895,-110.780757,98.310622,0.747711
896,-117.706680,94.322588,0.747438
897,-117.688199,102.309057,0.747522
898,-124.613711,98.321061,0.747257
899,-124.595319,106.306609,0.747387
900,-131.520937,102.319614,0.747122
901,-131.503787,110.305403,0.747271
902,-138.429639,106.318553,0.746975
903,-138.412733,114.304512,0.747156
904,-145.340006,110.317940,0.746886
905,-145.324093,118.305518,0.747088
906,-152.251488,114.319172,0.746789
907,-152.236550,122.307012,0.747068
908,-159.165694,118.321304,0.746777
909,-159.153277,126.310906,0.747064
910,-166.083551,122.326390,0.746753
911,-166.072235,130.317280,0.747107
912,-173.005209,126.332782,0.746797
913,34.489302,22.184362,0.750925
914,34.500713,30.183483,0.750896
915,27.567210,26.196142,0.750934
916,27.578365,34.195909,0.750902
917,20.643836,30.208506,0.750908
918,20.655511,38.207487,0.750894
919,13.721326,34.220011,0.750873
920,13.732773,42.219041,0.750862
921,6.798089,38.231407,0.750819
922,6.810054,46.229870,0.750807
923,-0.124456,42.242825,0.750764
924,-0.112023,50.240684,0.750697
925,-7.047147,46.252871,0.750685
926,-7.034214,54.249806,0.750565
927,-13.969318,50.262800,0.750505
928,-13.955859,58.259004,0.750464
929,-20.890184,54.271818,0.750369
930,-20.876302,62.266950,0.750323
931,-27.810690,58.279615,0.750221
932,-27.796394,66.273629,0.750189
933,-34.730167,62.286147,0.750061
934,-34.715469,70.279772,0.749972
935,-41.648706,66.292166,0.749835
936,-41.632720,74.284464,0.749807
937,-48.565464,70.296733,0.749656
938,-48.549329,78.288346,0.749601
939,-55.480924,74.300463,0.749421
940,-55.464303,82.290893,0.749396
941,-62.394832,78.302902,0.749215
942,-62.377953,86.292488,0.749144
943,-69.307435,82.304299,0.748951
944,-69.289534,90.292325,0.748970
945,-76.218960,86.304110,0.748767
946,-76.200527,94.291939,0.748763
947,-83.129236,90.303615,0.748545
948,-83.110868,98.290355,0.748567
949,-90.038279,94.302707,0.748330
950,-90.019021,102.288183,0.748339
951,-96.946692,98.300398,0.748120
952,-96.927486,106.286395,0.748234
953,-103.854416,102.298787,0.747982
954,-103.835665,110.284269,0.748044
955,-110.761750,106.296544,0.747787
956,-110.742750,114.281624,0.747902
957,-117.669094,110.293943,0.747647
958,-117.651194,118.279999,0.747816
959,-124.577445,114.292522,0.747550
960,-124.559941,122.278240,0.747709
961,-131.486174,118.291536,0.747432
962,-131.469218,126.277875,0.747672
963,-138.396739,122.291470,0.747390
964,-138.380664,130.278844,0.747621
965,-145.308082,126.292606,0.747341
966,-145.294248,134.281659,0.747674
967,-152.223130,130.295993,0.747375
968,-152.210182,138.286295,0.747707
969,-159.140699,134.301767,0.747410
970,48.354659,30.157824,0.750778
971,48.365078,38.156266,0.750735
972,41.434019,34.169904,0.750799
973,41.444175,42.168215,0.750763
974,34.512134,38.182565,0.750824
975,34.522817,46.180055,0.750775
976,27.589679,42.194316,0.750826
977,27.600926,50.191061,0.750776
978,20.667345,46.205966,0.750808
979,20.678387,54.202747,0.750755
980,13.745084,50.216793,0.750765
981,13.755931,58.212933,0.750712
982,6.822079,54.226779,0.750688
983,6.834215,62.222436,0.750655
984,-0.100243,58.236790,0.750620
985,-0.087612,66.232014,0.750572
986,-7.021192,62.245488,0.750531
987,-7.008852,70.240267,0.750489
988,-13.942377,66.253560,0.750417
989,-13.928861,74.247309,0.750362
990,-20.863168,70.261164,0.750290
991,-20.848414,78.253550,0.750172
992,-27.782059,74.266641,0.750083
993,-27.767649,82.258666,0.750077
994,-34.699889,78.271513,0.749948
995,-34.684453,86.262088,0.749876
996,-41.616951,82.275546,0.749751
997,-41.601061,90.264944,0.749708
998,-48.533078,86.278227,0.749559
999,-48.516185,94.266874,0.749491
1000,-55.447065,90.280009,0.749325
1001,-55.429786,98.266938,0.749332
1002,-62.359599,94.279930,0.749153
1003,-62.341763,102.266836,0.749167
1004,-69.271409,98.279665,0.748971
1005,-69.253563,106.265485,0.749001
1006,-76.182422,102.278183,0.748792
1007,-76.163076,110.263698,0.748780
1008,-83.091211,106.276197,0.748559
1009,-83.072866,114.260994,0.748691
1010,-89.999847,110.273536,0.748470
1011,-89.981573,118.259146,0.748544
1012,-96.908988,114.271537,0.748297
1013,-96.889491,122.255863,0.748398
1014,-103.816783,118.268909,0.748155
1015,-103.798108,126.254071,0.748319
1016,-110.724821,122.267167,0.748069
1017,-110.706624,130.252244,0.748263
1018,-117.633003,126.265387,0.747993
1019,-117.615830,134.251651,0.748193
1020,-124.542835,130.264819,0.747935
1021,-124.526609,138.251622,0.748201
1022,-131.453125,134.265694,0.747908
1023,-131.437724,142.253716,0.748219
1024,-138.365612,138.267288,0.747954
1025,-138.352105,146.257732,0.748313
1026,-145.281049,142.272363,0.748008
1027,62.215450,38.129159,0.750568
1028,62.225217,46.125015,0.750519
1029,55.295715,42.141308,0.750633
1030,55.305406,50.137192,0.750599
1031,48.375732,46.153346,0.750689
1032,48.385203,54.149215,0.750661
1033,41.454646,50.164529,0.750720
1034,41.464617,58.160426,0.750690
1035,34.533067,54.176387,0.750740
1036,34.542810,62.171610,0.750706
1037,27.610943,58.187456,0.750732
1038,27.621953,66.182108,0.750704
1039,20.689693,62.197802,0.750712
1040,20.700463,70.191928,0.750682
1041,13.767728,66.208182,0.750668
1042,13.778979,74.201853,0.750621
1043,6.845749,70.217186,0.750615
1044,6.857458,78.209584,0.750516
1045,-0.075602,74.225656,0.750536
1046,-0.062711,82.217392,0.750427
1047,-6.995645,78.232714,0.750389
1048,-6.983050,86.223344,0.750376
1049,-13.915934,82.239047,0.750271
1050,-13.902225,90.229017,0.750248
1051,-20.834379,86.244517,0.750183
1052,-20.820252,94.233307,0.750081
1053,-27.752496,90.247987,0.749983
1054,-27.737288,98.236656,0.749969
1055,-34.668912,94.251077,0.749850
1056,-34.653337,102.238063,0.749756
1057,-41.584460,98.252391,0.749628
1058,-41.567854,106.238637,0.749658
1059,-48.499241,102.253404,0.749495
1060,-48.481937,110.238927,0.749512
1061,-55.412212,106.252734,0.749345
1062,-55.394871,114.237966,0.749374
1063,-62.324173,110.252317,0.749195
1064,-62.306058,118.236554,0.749179
1065,-69.234469,114.249972,0.748984
1066,-69.216442,122.234111,0.749107
1067,-76.144853,118.247344,0.748901
1068,-76.126110,126.231832,0.749001
1069,-83.053987,122.245640,0.748779
1070,-83.035509,130.229603,0.748871
1071,-89.962965,126.243234,0.748638
1072,-89.944348,134.227212,0.748798
1073,-96.871596,130.240733,0.748561
1074,-96.853328,138.225429,0.748778
1075,-103.779876,134.238906,0.748526
1076,-103.762668,142.224262,0.748715
1077,-110.689442,138.238367,0.748456
1078,-110.672090,146.224829,0.748752
1079,-117.599420,142.238227,0.748479
1080,-117.583657,150.226094,0.748758
1081,-124.510245,146.239484,0.748484
1082,-124.495928,154.229557,0.748902
1083,-131.423809,150.243184,0.748612
1084,76.070835,46.096397,0.750319
1085,76.079288,54.090571,0.750278
1086,69.152626,50.107962,0.750416
1087,69.161775,58.102970,0.750377
1088,62.234338,54.120210,0.750483
1089,62.242514,62.114439,0.750471
1090,55.314384,58.132419,0.750535
1091,55.322985,66.125856,0.750529
1092,48.394827,62.143846,0.750583
1093,48.403130,70.137289,0.750568
1094,41.474057,66.155210,0.750615
1095,41.482886,74.147277,0.750597
1096,34.552770,70.165814,0.750623
1097,34.562108,78.158096,0.750607
1098,27.631643,74.175707,0.750604
1099,27.641525,82.166820,0.750603
1100,20.710602,78.184913,0.750569
1101,20.721002,86.175744,0.750575
1102,13.789585,82.193505,0.750535
1103,13.801219,90.183385,0.750505
1104,6.869285,86.200927,0.750512
1105,6.881322,94.190416,0.750415
1106,-0.050412,90.207213,0.750428
1107,-0.037985,98.196242,0.750343
1108,-6.969614,94.212889,0.750285
1109,-6.956780,102.200321,0.750262
1110,-13.888378,98.217392,0.750186
1111,-13.874430,106.203923,0.750101
1112,-20.806075,102.220945,0.750055
1113,-20.790989,110.205715,0.750014
1114,-27.721954,106.222468,0.749879
1115,-27.706726,114.207854,0.749947
1116,-34.637797,110.223414,0.749815
1117,-34.621698,118.207869,0.749816
1118,-41.551549,114.223955,0.749673
1119,-41.535386,122.208208,0.749704
1120,-48.464813,118.223254,0.749552
1121,-48.447785,126.206397,0.749522
1122,-55.376949,122.222015,0.749354
1123,-55.359302,130.204602,0.749516
1124,-62.288215,126.219834,0.749308
1125,-62.270435,134.203550,0.749418
1126,-69.198554,130.217775,0.749218
1127,-69.180253,138.201016,0.749313
1128,-76.107741,134.215763,0.749092
1129,-76.089957,142.199035,0.749260
1130,-83.016943,138.213547,0.749032
1131,-82.999361,146.197593,0.749266
1132,-89.926803,142.211880,0.749026
1133,-89.909500,150.196784,0.749225
1134,-96.836093,146.210880,0.748973
1135,-96.819159,154.196761,0.749275
1136,-103.745898,150.210723,0.749016
1137,-103.729804,158.198287,0.749304
1138,-110.656161,154.212106,0.749030
1139,-110.641085,162.201604,0.749455
1140,-117.568929,158.215412,0.749178
1141,89.920325,54.060039,0.750026
1142,89.927489,62.051930,0.750011
1143,83.004236,58.071894,0.750154
1144,83.011304,66.063820,0.750123
1145,76.087305,62.083573,0.750265
1146,76.094294,70.075624,0.750232
1147,69.169583,66.095216,0.750339
1148,69.177080,74.087344,0.750327
1149,62.250943,70.106847,0.750407
1150,62.258162,78.098288,0.750395
1151,55.331249,74.118459,0.750468
1152,55.339703,82.109312,0.750455
1153,48.411945,78.128619,0.750519
1154,48.420149,86.118929,0.750488
1155,41.492175,82.138850,0.750538
1156,41.500124,90.128688,0.750513
1157,34.571874,86.148440,0.750539
1158,34.581055,94.137916,0.750513
1159,27.651705,90.157434,0.750521
1160,27.661372,98.145875,0.750504
1161,20.731607,94.165129,0.750486
1162,20.741729,102.152589,0.750454
1163,13.811508,98.171629,0.750461
1164,13.822764,106.158785,0.750372
1165,6.892793,102.177789,0.750393
1166,6.904431,110.163823,0.750324
1167,-0.026121,106.182700,0.750276
1168,-0.013336,114.167288,0.750308
1169,-6.943805,110.186419,0.750184
1170,-6.930711,118.170814,0.750251
1171,-13.860372,114.188734,0.750149
1172,-13.847043,122.172808,0.750152
1173,-20.776747,118.190457,0.750052
1174,-20.761744,126.174255,0.750085
1175,-27.691553,122.191523,0.749953
1176,-27.676409,130.174308,0.749947
1177,-34.605696,126.191392,0.749841
1178,-34.589676,134.173783,0.749883
1179,-41.518481,130.190531,0.749699
1180,-41.502727,138.173074,0.749902
1181,-48.431102,134.189229,0.749716
1182,-48.414164,142.171822,0.749797
1183,-55.342338,138.187708,0.749612
1184,-55.324864,146.170616,0.749722
1185,-62.252927,142.186185,0.749515
1186,-62.235194,150.169309,0.749708
1187,-69.162510,146.184515,0.749480
1188,-69.145620,154.168526,0.749737
1189,-76.072358,150.183363,0.749502
1190,-76.055617,158.168267,0.749715
1191,-82.982736,154.182803,0.749471
1192,-82.965517,162.168778,0.749790
1193,-89.892432,158.183002,0.749533
1194,-89.876679,166.170772,0.749839
1195,-96.802879,162.184741,0.749574
1196,-96.787943,170.174426,0.750010
1197,-103.714420,166.188162,0.749728
1198,103.764091,62.020212,0.749775
1199,103.770954,70.010677,0.749804
1200,96.849207,66.032013,0.749905
1201,96.855774,74.022412,0.749921
1202,89.933860,70.042989,0.750034
1203,89.940937,78.033442,0.750039
1204,83.017972,74.054742,0.750122
1205,83.024740,82.044478,0.750149
1206,76.101458,78.065842,0.750204
1207,76.107816,86.055576,0.750240
1208,69.183350,82.076990,0.750277
1209,69.190083,90.066042,0.750309
1210,62.265742,86.088218,0.750344
1211,62.272173,94.075927,0.750373
1212,55.347077,90.098019,0.750393
1213,55.353954,98.086004,0.750407
1214,48.427988,94.107943,0.750428
1215,48.435360,102.094811,0.750444
1216,41.509176,98.116547,0.750440
1217,41.517031,106.103167,0.750471
1218,34.589793,102.124599,0.750434
1219,34.598896,110.110392,0.750492
1220,27.670512,106.132171,0.750422
1221,27.680095,114.117288,0.750494
1222,20.752045,110.137903,0.750420
1223,20.762033,118.123180,0.750460
1224,13.833524,114.143452,0.750423
1225,13.844626,122.127388,0.750436
1226,6.916338,118.148152,0.750385
1227,6.927740,126.131560,0.750410
1228,-0.001118,122.151204,0.750318
1229,0.011285,130.134280,0.750353
1230,-6.917496,126.154309,0.750275
1231,-6.904126,134.136175,0.750244
1232,-13.832895,130.156067,0.750186
1233,-13.818612,138.137546,0.750236
1234,-20.747408,134.156270,0.750063
1235,-20.733148,142.138438,0.750279
1236,-27.661276,138.156364,0.750090
1237,-27.646415,146.138653,0.750206
1238,-34.574045,142.156212,0.750063
1239,-34.558548,150.138727,0.750143
1240,-41.486537,146.155958,0.749970
1241,-41.470508,154.137575,0.750123
1242,-48.397434,150.154374,0.749920
1243,-48.381161,158.137260,0.750162
1244,-55.308622,154.153507,0.749932
1245,-55.292353,162.138165,0.750196
1246,-62.218997,158.153176,0.749972
1247,-62.202704,166.138607,0.750194
1248,-69.129486,162.153240,0.749950
1249,-69.113461,170.140027,0.750318
1250,-76.039743,166.154156,0.750054
1251,-76.024242,174.142732,0.750367
1252,-82.950270,170.156488,0.750104
1253,-82.935503,178.146452,0.750584
1254,-89.861452,174.160491,0.750292
1255,117.604534,69.978254,0.749546
1256,117.610578,77.966943,0.749623
1257,110.691246,73.989392,0.749675
1258,110.697344,81.977799,0.749741
1259,103.777001,78.000488,0.749823
1260,103.782757,85.988881,0.749844
1261,96.862291,82.011507,0.749956
1262,96.867914,89.999365,0.749964
1263,89.947103,86.022569,0.750066
1264,89.952513,94.009913,0.750093
1265,83.030619,90.032991,0.750155
1266,83.036450,98.020572,0.750199
1267,76.114167,94.043574,0.750251
1268,76.120406,102.030685,0.750296
1269,69.196885,98.053580,0.750322
1270,69.203531,106.040294,0.750373
1271,62.279393,102.063809,0.750391
1272,62.285714,110.049449,0.750425
1273,55.361617,106.072808,0.750442
1274,55.368342,114.058231,0.750476
1275,48.443459,110.080624,0.750468
1276,48.451323,118.065946,0.750517
1277,41.525533,114.088825,0.750493
1278,41.533802,122.072630,0.750531
1279,34.607791,118.095227,0.750507
1280,34.616399,126.079093,0.750537
1281,27.690105,122.101412,0.750513
1282,27.699764,130.084616,0.750504
1283,20.772387,126.106732,0.750497
1284,20.783050,134.089250,0.750488
1285,13.856027,130.110484,0.750464
1286,13.866940,138.092525,0.750512
1287,6.939379,134.114083,0.750381
1288,6.951296,142.095586,0.750582
1289,0.023877,138.116306,0.750380
1290,0.036683,146.098491,0.750579
1291,-6.890631,142.117770,0.750436
1292,-6.877798,150.100292,0.750522
1293,-13.805112,146.119265,0.750415
1294,-13.791544,154.101145,0.750501
1295,-20.718213,150.120514,0.750347
1296,-20.704003,158.102147,0.750502
1297,-27.630837,154.120993,0.750320
1298,-27.616145,162.102934,0.750552
1299,-34.543225,158.121127,0.750334
1300,-34.528265,166.104652,0.750615
1301,-41.454187,162.121435,0.750392
1302,-41.439044,170.105783,0.750619
1303,-48.365499,166.122090,0.750413
1304,-48.350254,174.107250,0.750712
1305,-55.276587,170.122966,0.750442
1306,-55.260859,178.109914,0.750828
1307,-62.187217,174.124990,0.750572
1308,-62.171804,182.113554,0.750922
1309,-69.097636,178.128130,0.750640
1310,-69.083761,186.119362,0.751183
1311,-76.009179,182.133207,0.750882
1312,131.443903,77.935486,0.749382
1313,131.451066,85.923125,0.749477
1314,124.530716,81.945496,0.749538
1315,124.537492,89.933067,0.749625
1316,117.617740,85.955509,0.749685
1317,117.623462,93.943131,0.749765
1318,110.703274,89.965515,0.749835
1319,110.709478,97.953341,0.749911
1320,103.788763,93.975681,0.749947
1321,103.794614,101.962954,0.750043
1322,96.873360,97.986118,0.750033
1323,96.879452,105.972785,0.750160
1324,89.958352,101.996879,0.750124
1325,89.963879,109.982918,0.750265
1326,83.042784,106.006412,0.750207
1327,83.048540,113.991935,0.750355
1328,76.126458,110.016211,0.750294
1329,76.132506,118.001359,0.750436
1330,69.210010,114.025573,0.750367
1331,69.216413,122.009746,0.750499
1332,62.292584,118.034529,0.750428
1333,62.299368,126.017880,0.750576
1334,55.375584,122.042411,0.750472
1335,55.383513,130.025130,0.750640
1336,48.458908,126.049277,0.750503
1337,48.467223,134.032301,0.750701
1338,41.542441,130.055954,0.750545
1339,41.551140,138.038750,0.750747
1340,34.625359,134.061805,0.750590
1341,34.635135,142.044548,0.750774
1342,27.709083,138.066322,0.750663
1343,27.719085,146.048983,0.750774
1344,20.793447,142.071156,0.750707
1345,20.804344,150.052928,0.750779
1346,13.878317,146.074818,0.750706
1347,13.889291,154.056491,0.750788
1348,6.963526,150.078022,0.750676
1349,6.975286,158.059898,0.750815
1350,0.048957,154.080168,0.750658
1351,0.062185,162.062646,0.750859
1352,-6.864059,158.082288,0.750666
1353,-6.850949,166.065026,0.750932
1354,-13.777190,162.083914,0.750714
1355,-13.763586,170.067300,0.750998
1356,-20.689917,166.085434,0.750783
1357,-20.675929,174.069418,0.751015
1358,-27.601731,170.087047,0.750824
1359,-27.587476,178.072415,0.751113
1360,-34.512840,174.089399,0.750847
1361,-34.498548,182.076266,0.751246
1362,-41.424301,178.091636,0.750988
1363,-41.409355,186.080084,0.751324
1364,-48.334961,182.094893,0.751066
1365,-48.321065,190.085300,0.751568
1366,-55.246586,186.099193,0.751235
1367,-55.232689,194.092779,0.751788
1368,-62.157579,190.105852,0.751488
1369,145.285412,85.892534,0.749303
1370,145.293330,93.880225,0.749441
1371,138.371205,89.901218,0.749458
1372,138.378677,97.888838,0.749613
1373,131.457215,93.910109,0.749602
1374,131.464059,101.897623,0.749757
1375,124.543870,97.920006,0.749739
1376,124.550092,105.906732,0.749890
1377,117.629400,101.929382,0.749872
1378,117.635788,109.916199,0.750020
1379,110.715016,105.939779,0.749999
1380,110.720905,113.925294,0.750143
1381,103.800553,109.948971,0.750125
1382,103.806699,117.934817,0.750259
1383,96.885784,113.959236,0.750244
1384,96.891494,121.944014,0.750367
1385,89.970600,117.968372,0.750354
1386,89.976615,125.952955,0.750469
1387,83.054845,121.977180,0.750456
1388,83.061159,129.961672,0.750563
1389,76.139133,125.985737,0.750549
1390,76.145730,133.970234,0.750651
1391,69.223333,129.994104,0.750624
1392,69.230209,137.977955,0.750733
1393,62.307332,134.001596,0.750689
1394,62.314464,141.984902,0.750802
1395,55.390985,138.009026,0.750738
1396,55.399099,145.991923,0.750869
1397,48.475678,142.015745,0.750788
1398,48.484002,149.998359,0.750927
1399,41.559787,146.021801,0.750828
1400,41.569047,154.004321,0.750997
1401,34.644702,150.026570,0.750861
1402,34.654867,158.009216,0.751061
1403,27.729532,154.030911,0.750901
1404,27.740562,162.013949,0.751135
1405,20.814893,158.034997,0.750944
1406,20.826729,166.018730,0.751221
1407,13.901389,162.039049,0.751014
1408,13.913210,170.022968,0.751295
1409,6.987375,166.042529,0.751079
1410,6.999815,174.026706,0.751335
1411,0.074907,170.045705,0.751153
1412,0.087845,178.030867,0.751398
1413,-6.837731,174.049316,0.751187
1414,-6.824367,182.034432,0.751540
1415,-13.749954,178.051996,0.751253
1416,-13.736350,186.039223,0.751653
1417,-20.661305,182.055915,0.751396
1418,-20.647571,190.044416,0.751750
1419,-27.572782,186.060479,0.751487
1420,-27.559096,194.050748,0.751990
1421,-34.484616,190.064984,0.751633
1422,-34.470546,198.058149,0.752219
1423,-41.395784,194.071314,0.751901
1424,-41.382217,202.067220,0.752431
1425,-48.307375,198.079576,0.752091
1426,159.131623,93.852062,0.749292
1427,159.140937,101.839983,0.749485
1428,152.215953,97.859330,0.749463
1429,152.224797,105.847199,0.749665
1430,145.301098,101.867645,0.749614
1431,145.309206,109.855389,0.749836
1432,138.385996,105.876299,0.749768
1433,138.394065,113.863219,0.749980
1434,131.471694,109.884494,0.749926
1435,131.479154,117.871558,0.750114
1436,124.557134,113.893726,0.750073
1437,124.564115,121.880383,0.750264
1438,117.642192,117.902595,0.750209
1439,117.649415,125.888947,0.750401
1440,110.727439,121.911201,0.750331
1441,110.734819,129.898031,0.750542
1442,103.812653,125.920339,0.750444
1443,103.820188,133.906214,0.750668
1444,96.897645,129.929289,0.750549
1445,96.905322,137.915062,0.750784
1446,89.982984,133.938109,0.750648
1447,89.990080,141.923141,0.750893
1448,83.067772,137.946079,0.750756
1449,83.075031,145.931282,0.751001
1450,76.152588,141.954026,0.750839
1451,76.160780,149.938824,0.751097
1452,69.238055,145.961286,0.750927
1453,69.245679,153.945814,0.751199
1454,62.322522,149.968660,0.751008
1455,62.331060,157.953128,0.751283
1456,55.408118,153.975549,0.751098
1457,55.416789,161.960111,0.751370
1458,48.493226,157.981287,0.751177
1459,48.502728,165.966109,0.751442
1460,41.579175,161.987551,0.751270
1461,41.589453,169.971982,0.751510
1462,34.665098,165.992957,0.751349
1463,34.675320,173.977854,0.751593
1464,27.751560,169.998374,0.751415
1465,27.762445,177.983266,0.751714
1466,20.837658,174.003111,0.751465
1467,20.849899,181.989248,0.751851
1468,13.924731,178.007417,0.751555
1469,13.937486,185.995164,0.751956
1470,7.012591,182.012460,0.751692
1471,7.024992,190.001051,0.752046
1472,0.100285,186.017711,0.751808
1473,0.113713,194.007384,0.752229
1474,-6.810917,190.023160,0.751895
1475,-6.798106,198.014811,0.752482
1476,-13.722757,194.029275,0.752099
1477,-13.709261,202.023469,0.752670
1478,-20.634062,198.036879,0.752348
1479,-20.620773,206.032703,0.752896
1480,-27.545861,202.045172,0.752530
1481,-27.533023,210.044030,0.753215
1482,-34.457755,206.055254,0.752804
1483,172.987392,101.815705,0.749377
1484,172.999772,109.806310,0.749653
1485,166.069016,105.821855,0.749573
1486,166.080685,113.811538,0.749846
1487,159.150717,109.828356,0.749738
1488,159.161522,117.817891,0.750034
1489,152.234541,113.835454,0.749892
1490,152.244247,121.824770,0.750197
1491,145.318426,117.843040,0.750061
1492,145.327919,125.831576,0.750342
1493,138.402625,121.851031,0.750227
1494,138.411425,129.839087,0.750487
1495,131.486917,125.858748,0.750381
1496,131.495845,133.847282,0.750641
1497,124.571858,129.867072,0.750507
1498,124.580866,137.855393,0.750796
1499,117.657247,133.875333,0.750631
1500,117.665507,141.863453,0.750942
1501,110.742063,137.884285,0.750759
1502,110.750345,145.870814,0.751072
1503,103.827606,141.892489,0.750882
1504,103.835902,149.879067,0.751202
1505,96.912915,145.900723,0.750995
1506,96.921251,153.887512,0.751323
1507,89.997829,149.908300,0.751113
1508,90.006969,157.895487,0.751437
1509,83.083647,153.916826,0.751221
1510,83.092132,161.903054,0.751564
1511,76.168759,157.924095,0.751323
1512,76.178067,165.910339,0.751680
1513,69.254475,161.931732,0.751429
1514,69.264596,169.918200,0.751799
1515,62.340674,165.938336,0.751524
1516,62.350833,173.925227,0.751913
1517,55.427178,169.945539,0.751634
1518,55.437344,177.932305,0.752024
1519,48.513121,173.951985,0.751759
1520,48.523953,181.939537,0.752119
1521,41.599832,177.958645,0.751887
1522,41.611242,185.947101,0.752239
1523,34.687144,181.964902,0.751997
1524,34.699087,189.953756,0.752399
1525,27.774098,185.971581,0.752090
1526,27.786538,193.961358,0.752611
1527,20.862023,189.978124,0.752206
1528,20.874875,197.970214,0.752807
1529,13.949997,193.984958,0.752405
1530,13.963129,201.978892,0.752982
1531,7.038548,197.992598,0.752635
1532,7.051791,205.988358,0.753182
1533,0.126655,202.001136,0.752816
1534,0.139860,209.999135,0.753453
1535,-6.784454,206.010712,0.753025
1536,-6.771449,214.010996,0.753768
1537,-13.696558,210.021167,0.753317
1538,-13.683253,218.025252,0.754190
1539,-20.607775,214.033872,0.753648
1540,186.858350,109.787882,0.749589
1541,186.875794,117.782165,0.750013
1542,179.934856,113.792375,0.749788
1543,179.950395,121.785041,0.750186
1544,173.013308,117.796718,0.749978
1545,173.027550,125.789017,0.750363
1546,166.092393,121.802426,0.750163
1547,166.106184,129.794550,0.750545
1548,159.173910,125.808083,0.750339
1549,159.186538,133.800145,0.750722
1550,152.255821,129.814353,0.750526
1551,152.268212,137.805853,0.750887
1552,145.338488,133.821261,0.750693
1553,145.350024,141.812414,0.751056
1554,138.421687,137.828169,0.750846
1555,138.433110,145.819109,0.751225
1556,131.505903,141.835944,0.750979
1557,131.516390,149.826700,0.751385
1558,124.590121,145.843873,0.751108
1559,124.601143,153.833792,0.751544
1560,117.674806,149.851229,0.751245
1561,117.685607,157.841935,0.751690
1562,110.759672,153.859542,0.751374
1563,110.770327,161.849714,0.751825
1564,103.845275,157.867378,0.751504
1565,103.855828,165.857215,0.751962
1566,96.930653,161.875538,0.751635
1567,96.941132,169.865248,0.752104
1568,90.016381,165.883371,0.751767
1569,90.026804,173.873169,0.752246
1570,83.102282,169.890964,0.751892
1571,83.113387,177.881854,0.752394
1572,76.188165,173.899171,0.752016
1573,76.199979,181.889904,0.752549
1574,69.274641,177.906623,0.752148
1575,69.286383,185.898209,0.752701
1576,62.361529,181.914215,0.752285
1577,62.373160,189.906932,0.752857
1578,55.448670,185.922135,0.752453
1579,55.460881,193.915480,0.753009
1580,48.535913,189.929862,0.752639
1581,48.548586,197.924749,0.753172
1582,41.623801,193.938366,0.752824
1583,41.636103,201.934221,0.753356
1584,34.711383,197.947030,0.752983
1585,34.724736,205.944238,0.753593
1586,27.799188,201.956011,0.753156
1587,27.812769,209.955099,0.753844
1588,20.887742,205.966386,0.753369
1589,20.901453,213.967155,0.754124
1590,13.976102,209.977081,0.753635
1591,13.989781,217.980889,0.754514
1592,7.064750,213.988503,0.753927
1593,7.078230,221.996572,0.755055
1594,0.153353,218.002652,0.754308
1595,0.166392,226.015640,0.755538
1596,-6.758417,222.019200,0.754898
1597,-0.199284,-5.758136,0.751000
1598,6.723615,-9.770744,0.751061
1599,6.736703,-1.769489,0.751032
1600,13.659718,-5.781408,0.751070
1601,13.672256,2.218920,0.751046
1602,20.594768,-1.793086,0.751072
1603,20.607484,6.207852,0.751035
1604,27.530363,2.195795,0.751041
1605,27.543297,10.196647,0.751006
1606,34.464925,6.184491,0.750987
1607,34.477399,14.184509,0.750951
1608,41.398942,10.172340,0.750937
1609,41.411048,18.172406,0.750901
1610,48.332279,14.160126,0.750842
1611,48.343755,22.159415,0.750801
1612,55.263844,18.146998,0.750741
1613,55.274999,26.145605,0.750709
1614,62.194304,22.133898,0.750625
1615,62.205101,30.131876,0.750600
1616,69.123727,26.120128,0.750516
1617,69.134124,34.116758,0.750473
1618,76.051696,30.104804,0.750367
1619,76.061812,38.100888,0.750342
1620,82.978313,34.089736,0.750234
1621,82.987339,42.084554,0.750195
1622,89.903070,38.072488,0.750071
1623,89.911931,46.066910,0.750061
1624,96.826403,42.055503,0.749918
1625,96.834851,50.048701,0.749906
1626,103.748377,46.037311,0.749770
1627,103.756358,54.028902,0.749774
1628,110.669939,50.018335,0.749627
1629,110.677946,58.009069,0.749638
1630,117.590957,53.998546,0.749489
1631,117.597409,61.989178,0.749509
1632,124.509702,57.977823,0.749361
1633,124.517487,65.968027,0.749415
1634,131.430274,61.957827,0.749265
1635,131.437031,69.946894,0.749315
1636,138.349632,65.937424,0.749153
1637,138.356852,73.925472,0.749229
1638,145.269915,69.916209,0.749074
1639,145.277335,77.904337,0.749178
1640,152.191476,73.896219,0.749012
1641,152.199200,81.883881,0.749129
1642,159.113489,77.875920,0.748954
1643,159.122417,85.864098,0.749115
1644,166.038576,81.856666,0.748937
1645,166.048172,89.844866,0.749102
1646,172.965430,85.837791,0.748926
1647,172.976435,93.826563,0.749141
1648,179.895224,89.821000,0.748931
1649,179.907569,97.810531,0.749172
1650,186.829536,93.805650,0.748959
1651,186.843221,101.796526,0.749246
1652,193.768019,97.792660,0.749033
1653,193.784996,105.785046,0.749402
1654,-0.225096,-21.759282,0.751063
1655,6.697468,-25.771005,0.751103
1656,6.710529,-17.770936,0.751096
1657,13.633295,-21.782715,0.751129
1658,13.646480,-13.782157,0.751105
1659,20.568746,-17.793974,0.751123
1660,20.582119,-9.793662,0.751103
1661,27.503867,-13.804742,0.751099
1662,27.517474,-5.804639,0.751072
1663,34.438812,-9.816516,0.751051
1664,34.452564,-1.815807,0.751024
1665,41.373070,-5.827804,0.750993
1666,41.386291,2.172066,0.750968
1667,48.307395,-1.839223,0.750914
1668,48.320149,6.160603,0.750880
1669,55.239110,2.149224,0.750812
1670,55.252140,10.148245,0.750781
1671,62.171156,6.136829,0.750701
1672,62.182996,14.135836,0.750667
1673,69.101284,10.124360,0.750574
1674,69.112769,18.121936,0.750538
1675,76.030254,14.111126,0.750427
1676,76.041230,22.108022,0.750392
1677,82.957235,18.097119,0.750286
1678,82.968010,26.093439,0.750253
1679,89.883553,22.082496,0.750126
1680,89.893882,30.077486,0.750097
1681,96.808195,26.066470,0.749968
1682,96.817535,34.061713,0.749944
1683,103.731193,30.050568,0.749796
1684,103.740254,38.043840,0.749783
1685,110.652687,34.033541,0.749636
1686,110.661819,42.025810,0.749625
1687,117.574351,38.015529,0.749477
1688,117.582732,46.007595,0.749486
1689,124.494005,41.997303,0.749318
1690,124.502229,49.987694,0.749328
1691,131.413959,45.977467,0.749177
1692,131.422053,53.968048,0.749221
1693,138.333611,49.958833,0.749050
1694,138.341933,57.948122,0.749093
1695,145.253516,53.938916,0.748929
1696,145.262275,61.927834,0.748991
1697,152.174660,57.918866,0.748823
1698,152.182782,65.907684,0.748909
1699,159.096528,61.899074,0.748735
1700,159.105460,69.887967,0.748838
1701,166.019611,65.880279,0.748662
1702,166.029038,73.868040,0.748786
1703,172.944597,69.860816,0.748595
1704,172.955190,77.849120,0.748736
1705,179.872347,73.843079,0.748549
1706,179.883512,81.831709,0.748735
1707,186.803989,77.826368,0.748513
1708,186.816287,85.815490,0.748720
1709,193.738996,81.810842,0.748494
1710,193.753200,89.801780,0.748738
1711,-0.251052,-37.757666,0.751116
1712,6.670522,-41.768887,0.751183
1713,6.684355,-33.770130,0.751133
1714,13.606131,-37.781298,0.751199
1715,13.620046,-29.782280,0.751142
1716,20.541319,-33.792689,0.751186
1717,20.555335,-25.793286,0.751141
1718,27.476979,-29.804476,0.751166
1719,27.490333,-21.804607,0.751125
1720,34.411714,-25.815889,0.751126
1721,34.425173,-17.816235,0.751091
1722,41.346312,-21.826809,0.751046
1723,41.360020,-13.827392,0.751035
1724,48.279908,-17.837878,0.750966
1725,48.293996,-9.838693,0.750946
1726,55.212721,-13.849174,0.750869
1727,55.226223,-5.850129,0.750841
1728,62.144262,-9.860713,0.750759
1729,62.157993,-1.861744,0.750734
1730,69.075307,-5.872394,0.750638
1731,69.088561,2.125782,0.750602
1732,76.005170,-1.884178,0.750491
1733,76.017994,6.113251,0.750459
1734,82.932878,2.103217,0.750338
1735,82.945294,10.099913,0.750311
1736,89.860030,6.089846,0.750179
1737,89.872040,14.085896,0.750157
1738,96.785996,10.075749,0.750015
1739,96.796926,18.071165,0.749991
1740,103.709828,14.060964,0.749841
1741,103.721091,22.055821,0.749814
1742,110.632147,18.046286,0.749660
1743,110.643305,26.039920,0.749650
1744,117.554104,22.029693,0.749491
1745,117.564330,30.022935,0.749481
1746,124.475416,26.013474,0.749317
1747,124.485572,34.005698,0.749316
1748,131.395218,29.995395,0.749150
1749,131.405295,37.986657,0.749162
1750,138.315603,33.978077,0.748996
1751,138.325348,41.968635,0.749016
1752,145.235921,37.959369,0.748855
1753,145.245016,45.949253,0.748876
1754,152.156738,41.940822,0.748710
1755,152.165512,49.930231,0.748762
1756,159.077744,45.922042,0.748589
1757,159.087285,53.910497,0.748657
1758,166.000197,49.903283,0.748471
1759,166.010326,57.891637,0.748550
1760,172.924988,53.884697,0.748372
1761,172.934802,61.872513,0.748470
1762,179.850910,57.866641,0.748272
1763,179.861778,65.854843,0.748396
1764,186.780377,61.848787,0.748196
1765,186.792329,69.837840,0.748337
1766,193.713613,65.832301,0.748113
1767,193.725841,73.821642,0.748282
1768,-0.277270,-53.752097,0.751109
1769,6.643326,-57.761878,0.751182
1770,6.657343,-49.766098,0.751136
1771,13.578121,-53.775762,0.751195
1772,13.592201,-45.779021,0.751166
1773,20.512441,-49.787906,0.751190
1774,20.527374,-41.791552,0.751185
1775,27.447905,-45.800446,0.751172
1776,27.462180,-37.802973,0.751165
1777,34.382304,-41.811888,0.751134
1778,34.397470,-33.814723,0.751127
1779,41.316504,-37.823686,0.751086
1780,41.331751,-29.825275,0.751059
1781,48.250591,-33.835075,0.751016
1782,48.265163,-25.836870,0.750989
1783,55.183147,-29.846035,0.750923
1784,55.197875,-21.848036,0.750904
1785,62.115768,-25.856500,0.750823
1786,62.130675,-17.858668,0.750790
1787,69.047166,-21.867980,0.750687
1788,69.061514,-13.870279,0.750659
1789,75.977080,-17.879574,0.750549
1790,75.991793,-9.882000,0.750521
1791,82.905856,-13.891343,0.750408
1792,82.919979,-5.893827,0.750372
1793,89.833829,-9.903263,0.750238
1794,89.847544,-1.906501,0.750216
1795,96.759865,-5.915974,0.750072
1796,96.773149,2.080061,0.750047
1797,103.685215,-1.928714,0.749890
1798,103.698108,6.066655,0.749869
1799,110.608900,2.057073,0.749710
1800,110.620697,10.051796,0.749688
1801,117.531339,6.042936,0.749527
1802,117.543613,14.036413,0.749503
1803,124.453744,10.027517,0.749352
1804,124.465060,18.020546,0.749328
1805,131.374746,14.011616,0.749170
1806,131.385801,22.004281,0.749153
1807,138.294703,17.995342,0.748994
1808,138.305891,25.987043,0.748989
1809,145.215726,21.978229,0.748828
1810,145.226171,29.969083,0.748834
1811,152.136897,25.961023,0.748665
1812,152.146724,33.951139,0.748677
1813,159.057688,29.943177,0.748507
1814,159.067908,37.932757,0.748543
1815,165.980572,33.925768,0.748364
1816,165.990564,41.914238,0.748411
1817,172.903854,37.907348,0.748224
1818,172.914434,45.896381,0.748294
1819,179.829528,41.889813,0.748096
1820,179.840230,49.878143,0.748173
1821,186.757674,45.871810,0.747972
1822,186.768831,53.860450,0.748072
1823,193.688766,49.855415,0.747848
1824,193.701315,57.843921,0.747966
1825,-0.304585,-69.742492,0.751178
1826,6.615118,-73.750617,0.751194
1827,6.629258,-65.756693,0.751209
1828,13.549175,-69.764864,0.751246
1829,13.563287,-61.770784,0.751221
1830,20.482719,-65.778900,0.751253
1831,20.498325,-57.783898,0.751216
1832,27.417327,-61.791967,0.751232
1833,27.432226,-53.796770,0.751203
1834,34.351610,-57.804806,0.751193
1835,34.366566,-49.809324,0.751171
1836,41.284895,-53.816634,0.751146
1837,41.301410,-45.820771,0.751113
1838,48.218784,-49.828126,0.751073
1839,48.234616,-41.831868,0.751038
1840,55.151884,-45.840009,0.750983
1841,55.167797,-37.843304,0.750955
1842,62.084184,-41.850698,0.750867
1843,62.100324,-33.854327,0.750850
1844,69.015706,-37.861612,0.750744
1845,69.031434,-29.865585,0.750715
1846,75.946018,-33.872878,0.750616
1847,75.961776,-25.876233,0.750578
1848,82.875330,-29.883726,0.750471
1849,82.891235,-21.887935,0.750437
1850,89.804074,-25.895406,0.750305
1851,89.819580,-17.899028,0.750275
1852,96.731169,-21.906548,0.750142
1853,96.746125,-13.911717,0.750107
1854,103.656546,-17.919285,0.749962
1855,103.671111,-9.923751,0.749925
1856,110.581176,-13.931350,0.749776
1857,110.595227,-5.937281,0.749742
1858,117.505139,-9.945013,0.749598
1859,117.518766,-1.950827,0.749553
1860,124.428167,-5.958623,0.749410
1861,124.440692,2.034985,0.749379
1862,131.349719,-1.972864,0.749215
1863,131.362717,6.019525,0.749190
1864,138.270678,2.012362,0.749027
1865,138.283482,10.003594,0.749009
1866,145.192620,5.996434,0.748849
1867,145.204546,13.987398,0.748832
1868,152.113839,9.980211,0.748667
1869,152.125692,17.971012,0.748663
1870,159.035792,13.963844,0.748493
1871,159.046996,21.953851,0.748493
1872,165.958006,17.946764,0.748329
1873,165.969488,25.936170,0.748340
1874,172.882092,21.929918,0.748159
1875,172.893098,29.918849,0.748184
1876,179.807113,25.912730,0.747998
1877,179.818762,33.900671,0.748032
1878,186.734539,29.894714,0.747841
1879,186.746042,37.883316,0.747890
1880,193.664666,33.878429,0.747680
1881,193.676578,41.866505,0.747756
1882,-0.331656,-85.725990,0.751217
1883,6.586481,-89.733401,0.751232
1884,6.600839,-81.742552,0.751247
1885,13.519181,-85.749296,0.751277
1886,13.534190,-77.757690,0.751223
1887,20.452040,-81.764274,0.751298
1888,20.467793,-73.772778,0.751216
1889,27.385162,-77.778410,0.751278
1890,27.401681,-69.786151,0.751209
1891,34.318664,-73.792420,0.751230
1892,34.335209,-65.799271,0.751186
1893,41.251867,-69.805501,0.751177
1894,41.269208,-61.812099,0.751137
1895,48.184852,-65.817593,0.751115
1896,48.202243,-57.823882,0.751073
1897,55.117735,-61.829415,0.751038
1898,55.135140,-53.835299,0.750977
1899,62.049876,-57.840953,0.750945
1900,62.067238,-49.846345,0.750887
1901,68.981353,-53.852142,0.750814
1902,68.998734,-45.857064,0.750787
1903,75.912164,-49.863611,0.750670
1904,75.929802,-41.868172,0.750651
1905,82.841645,-45.873883,0.750539
1906,82.858795,-37.879503,0.750493
1907,89.770882,-41.885251,0.750389
1908,89.787314,-33.890278,0.750346
1909,96.698225,-37.896086,0.750207
1910,96.714998,-29.902066,0.750176
1911,103.624522,-33.907832,0.750042
1912,103.640728,-25.913194,0.749999
1913,110.550525,-29.919162,0.749862
1914,110.566020,-21.925273,0.749821
1915,117.474637,-25.931412,0.749674
1916,117.490422,-17.938250,0.749630
1917,124.398595,-21.944491,0.749485
1918,124.413874,-13.951245,0.749446
1919,131.321511,-17.957538,0.749291
1920,131.336479,-9.964916,0.749251
1921,138.244049,-13.971299,0.749102
1922,138.257798,-5.979962,0.749058
1923,145.166479,-9.985751,0.748908
1924,145.179939,-1.994813,0.748877
1925,152.088781,-6.000649,0.748718
1926,152.102033,1.989970,0.748688
1927,159.010910,-2.016678,0.748534
1928,159.023271,5.973713,0.748502
1929,165.933741,1.967786,0.748338
1930,165.946098,9.957364,0.748324
1931,172.858341,5.951440,0.748157
1932,172.870028,13.940336,0.748151
1933,179.783399,9.934420,0.747974
1934,179.795348,17.923551,0.747977
1935,186.710757,13.917707,0.747781
1936,186.723044,21.906508,0.747801
1937,193.640770,17.901517,0.747593
1938,193.653014,25.889439,0.747626
1939,-0.360049,-101.703924,0.751220
1940,6.556590,-105.709966,0.751280
1941,6.571970,-97.721957,0.751284
1942,13.488064,-101.727350,0.751290
1943,13.504042,-93.739249,0.751296
1944,20.420411,-97.743909,0.751317
1945,20.436266,-89.755127,0.751272
1946,27.352210,-93.759644,0.751317
1947,27.369491,-85.770182,0.751257
1948,34.285059,-89.774558,0.751282
1949,34.302298,-81.784355,0.751240
1950,41.217562,-85.788651,0.751235
1951,41.234772,-77.797610,0.751194
1952,48.149804,-81.801862,0.751166
1953,48.167766,-73.810652,0.751132
1954,55.081888,-77.814888,0.751091
1955,55.100603,-69.822704,0.751048
1956,62.013893,-73.826943,0.751000
1957,62.032627,-65.834474,0.750945
1958,68.945187,-69.838753,0.750894
1959,68.963913,-61.845917,0.750837
1960,75.875832,-65.849512,0.750761
1961,75.894594,-57.857034,0.750720
1962,82.805876,-61.860612,0.750605
1963,82.824080,-53.867836,0.750584
1964,89.734658,-57.872047,0.750463
1965,89.753106,-49.878916,0.750421
1966,96.662511,-53.883190,0.750318
1967,96.680903,-45.890205,0.750252
1968,103.589698,-49.894037,0.750155
1969,103.607255,-41.901150,0.750094
1970,110.516178,-45.905154,0.749976
1971,110.533914,-37.912413,0.749913
1972,117.441471,-41.917292,0.749793
1973,117.458559,-33.924619,0.749730
1974,124.366395,-37.928853,0.749604
1975,124.383031,-29.936981,0.749544
1976,131.290166,-33.941220,0.749406
1977,131.306295,-25.949334,0.749345
1978,138.213365,-29.954636,0.749214
1979,138.228743,-21.963313,0.749154
1980,145.137224,-25.968060,0.749019
1981,145.152252,-17.977280,0.748959
1982,152.060149,-21.982105,0.748816
1983,152.074827,-13.991785,0.748765
1984,158.983606,-17.996734,0.748612
1985,158.997186,-10.006781,0.748566
1986,165.907622,-14.011882,0.748417
1987,165.920921,-6.022151,0.748369
1988,172.832342,-10.027369,0.748219
1989,172.845532,-2.037738,0.748178
1990,179.758072,-6.043037,0.748013
1991,179.771224,1.945879,0.747987
1992,186.685865,-2.059488,0.747810
1993,186.698360,5.929610,0.747788
1994,193.615907,1.924231,0.747600
1995,193.627918,9.912931,0.747588
1996,-0.388361,-117.677314,0.751416
1997,6.526962,-121.682571,0.751532
1998,6.541824,-113.695994,0.751432
1999,13.456602,-117.700329,0.751496
2000,13.472714,-109.714202,0.751408
2001,20.387782,-113.718389,0.751479
2002,20.403681,-105.731244,0.751359
2003,27.318332,-109.735166,0.751454
2004,27.335614,-101.747744,0.751310
2005,34.249874,-105.751329,0.751401
2006,34.267843,-97.763512,0.751269
2007,41.181754,-101.766093,0.751337
2008,41.199695,-93.778458,0.751230
2009,48.113353,-97.780885,0.751262
2010,48.131982,-89.791770,0.751181
2011,55.044726,-93.794130,0.751185
2012,55.063334,-85.804945,0.751101
2013,61.975996,-89.807263,0.751092
2014,61.995328,-81.817903,0.751008
2015,68.906501,-85.819515,0.750994
2016,68.925784,-77.829898,0.750905
2017,75.837126,-81.831594,0.750886
2018,75.856302,-73.841607,0.750783
2019,82.767248,-77.843484,0.750754
2020,82.786275,-69.853053,0.750671
2021,89.696222,-73.855140,0.750613
2022,89.715162,-65.863549,0.750540
2023,96.624894,-69.866484,0.750457
2024,96.643905,-61.875265,0.750384
2025,103.552704,-65.877533,0.750298
2026,103.571006,-57.886613,0.750211
2027,110.479121,-61.889030,0.750120
2028,110.498147,-53.897540,0.750050
2029,117.405575,-57.900769,0.749928
2030,117.424091,-49.908811,0.749865
2031,124.330762,-53.912032,0.749748
2032,124.348676,-45.920972,0.749663
2033,131.255631,-49.923822,0.749573
2034,131.273244,-41.932644,0.749481
2035,138.180889,-45.936628,0.749377
2036,138.197918,-37.945431,0.749288
2037,145.104846,-41.949512,0.749166
2038,145.121420,-33.958997,0.749086
2039,152.029511,-37.963201,0.748962
2040,152.044782,-29.972524,0.748884
2041,158.953239,-33.976984,0.748758
2042,158.968693,-25.986745,0.748679
2043,165.878879,-29.991484,0.748554
2044,165.893104,-22.001608,0.748478
2045,172.804793,-26.006504,0.748341
2046,172.818756,-18.016893,0.748270
2047,179.731073,-22.021261,0.748126
2048,179.744694,-14.032513,0.748059
2049,186.659717,-18.037060,0.747904
2050,186.673233,-10.048303,0.747842
2051,193.589817,-14.053026,0.747672
2052,193.603216,-6.064844,0.747623
2053,-0.417449,-133.647765,0.751637
2054,6.496028,-137.652668,0.751868
2055,6.511192,-129.667576,0.751588
2056,13.424857,-133.671067,0.751733
2057,13.441170,-125.686249,0.751613
2058,20.354390,-129.689602,0.751647
2059,20.371112,-121.704479,0.751593
2060,27.283987,-125.707832,0.751618
2061,27.301881,-117.721562,0.751542
2062,34.214450,-121.724032,0.751599
2063,34.232118,-113.738204,0.751484
2064,41.145195,-117.740449,0.751547
2065,41.163404,-109.753502,0.751423
2066,48.075563,-113.755578,0.751470
2067,48.094377,-105.768902,0.751357
2068,55.006429,-109.770087,0.751385
2069,55.025851,-101.782827,0.751277
2070,61.937171,-105.784675,0.751287
2071,61.956452,-97.796004,0.751188
2072,68.867115,-101.797800,0.751182
2073,68.887047,-93.809111,0.751081
2074,75.797155,-97.810889,0.751069
2075,75.816976,-89.821365,0.750958
2076,82.727391,-93.823147,0.750938
2077,82.747113,-85.833451,0.750827
2078,89.656458,-89.835296,0.750783
2079,89.676094,-81.845373,0.750699
2080,96.585167,-85.846486,0.750626
2081,96.604827,-77.857096,0.750545
2082,103.512884,-81.858154,0.750455
2083,103.532682,-73.868571,0.750376
2084,110.439846,-77.869612,0.750300
2085,110.459660,-69.879657,0.750189
2086,117.367274,-73.881732,0.750151
2087,117.385956,-65.891098,0.750016
2088,124.293835,-69.892958,0.749979
2089,124.312245,-61.903123,0.749864
2090,131.219475,-65.905276,0.749773
2091,131.238003,-57.914901,0.749670
2092,138.145105,-61.917867,0.749579
2093,138.163020,-53.927630,0.749468
2094,145.070346,-57.930015,0.749379
2095,145.088296,-49.939772,0.749268
2096,151.995692,-53.943219,0.749175
2097,152.012862,-45.952869,0.749062
2098,158.921640,-49.956706,0.748973
2099,158.938032,-41.966887,0.748857
2100,165.848316,-45.971037,0.748753
2101,165.863445,-37.980991,0.748644
2102,172.775145,-41.985335,0.748532
2103,172.789726,-33.995673,0.748428
2104,179.703247,-38.000410,0.748307
2105,179.717262,-30.010986,0.748210
2106,186.632395,-34.015226,0.748075
2107,186.646088,-26.025959,0.747981
2108,193.563326,-30.031334,0.747831
2109,193.576514,-22.042025,0.747744
2110,-0.448157,-149.618759,0.752088
2111,6.464566,-153.624276,0.752256
2112,6.480000,-145.638058,0.752036
2113,13.392196,-149.642487,0.752168
2114,13.408567,-141.656677,0.752006
2115,20.321092,-145.660875,0.752098
2116,20.337699,-137.675238,0.751943
2117,27.249885,-141.678533,0.752042
2118,27.266782,-133.692327,0.751844
2119,34.178721,-137.696064,0.751984
2120,34.196769,-129.709383,0.751705
2121,41.108446,-133.711877,0.751896
2122,41.126287,-125.726220,0.751605
2123,48.037762,-129.728207,0.751803
2124,48.056906,-121.741838,0.751522
2125,54.967515,-125.743458,0.751679
2126,54.987243,-117.756902,0.751444
2127,61.897093,-121.758286,0.751571
2128,61.917402,-113.771342,0.751352
2129,68.827340,-117.771827,0.751451
2130,68.847492,-109.785104,0.751249
2131,75.756910,-113.785536,0.751333
2132,75.776892,-105.798896,0.751137
2133,82.685937,-109.799360,0.751214
2134,82.706422,-101.811148,0.751001
2135,89.615281,-105.811752,0.751089
2136,89.635487,-97.823329,0.750872
2137,96.543640,-101.824200,0.750933
2138,96.564250,-93.835432,0.750741
2139,103.471901,-97.836622,0.750774
2140,103.492203,-89.847518,0.750610
2141,110.400175,-93.848924,0.750593
2142,110.420345,-85.859573,0.750469
2143,117.327856,-89.861059,0.750415
2144,117.347283,-81.871499,0.750290
2145,124.255140,-85.873000,0.750226
2146,124.274546,-77.883104,0.750096
2147,131.181522,-81.884751,0.750047
2148,131.200851,-73.895131,0.749900
2149,138.108067,-77.897037,0.749856
2150,138.127242,-69.907566,0.749699
2151,145.034383,-73.909867,0.749669
2152,145.052577,-65.919700,0.749505
2153,151.961601,-69.923195,0.749460
2154,151.978820,-61.932987,0.749306
2155,158.888272,-65.936109,0.749239
2156,158.905569,-57.946619,0.749102
2157,165.816179,-61.949973,0.749023
2158,165.832004,-53.960371,0.748874
2159,172.743989,-57.964216,0.748808
2160,172.759640,-49.975022,0.748664
2161,179.673156,-53.979277,0.748565
2162,179.688285,-45.989770,0.748430
2163,186.603675,-49.994418,0.748328
2164,186.617974,-42.005125,0.748185
2165,193.536643,-46.009655,0.748067
2166,193.550276,-38.020454,0.747936
2167,-0.479083,-165.592480,0.752751
2168,6.431743,-169.599430,0.752942
2169,6.448227,-161.611074,0.752606
2170,13.359284,-165.616731,0.752841
2171,13.375751,-157.628993,0.752455
2172,20.287132,-161.633973,0.752694
2173,20.303699,-153.646705,0.752334
2174,27.214736,-157.651097,0.752544
2175,27.232255,-149.664722,0.752230
2176,34.143034,-153.668619,0.752411
2177,34.160802,-145.682108,0.752139
2178,41.071398,-149.684850,0.752290
2179,41.090225,-141.698687,0.752055
2180,48.000002,-145.701123,0.752170
2181,48.019158,-137.714366,0.751960
2182,54.928962,-141.716547,0.752055
2183,54.948509,-133.730526,0.751856
2184,61.858427,-137.731756,0.751935
2185,61.877610,-129.744855,0.751754
2186,68.787777,-133.746670,0.751812
2187,68.807389,-125.759509,0.751645
2188,75.716379,-129.760473,0.751687
2189,75.736466,-121.773703,0.751521
2190,82.645895,-125.774555,0.751549
2191,82.665703,-117.786605,0.751380
2192,89.574203,-121.788151,0.751405
2193,89.594533,-113.800406,0.751238
2194,96.502943,-117.801166,0.751257
2195,96.523789,-109.812781,0.751082
2196,103.431520,-113.813568,0.751095
2197,103.452150,-105.825200,0.750912
2198,110.359376,-109.826076,0.750943
2199,110.379772,-101.837613,0.750744
2200,117.287453,-105.838642,0.750771
2201,117.307582,-97.849967,0.750578
2202,124.215224,-101.851254,0.750600
2203,124.235044,-93.862252,0.750399
2204,131.142951,-97.863895,0.750431
2205,131.162412,-89.874452,0.750215
2206,138.070902,-93.876528,0.750234
2207,138.089235,-85.886570,0.750035
2208,144.998471,-89.889030,0.750021
2209,145.016613,-81.899316,0.749842
2210,151.926587,-85.902756,0.749811
2211,151.943941,-77.912555,0.749626
2212,158.854282,-81.915605,0.749612
2213,158.871334,-73.926135,0.749411
2214,165.783594,-77.929780,0.749387
2215,165.799546,-69.940194,0.749204
2216,172.712940,-73.944276,0.749153
2217,172.728920,-65.953877,0.748962
2218,179.643131,-69.959197,0.748927
2219,179.658009,-61.968470,0.748727
2220,186.575788,-65.973832,0.748671
2221,186.589614,-57.984143,0.748485
2222,193.510128,-61.990093,0.748401
2223,193.523233,-53.999934,0.748222
2224,-0.511076,-181.573927,0.753574
2225,6.399037,-185.582555,0.753822
2226,6.415846,-177.589889,0.753385
2227,13.326240,-181.598721,0.753668
2228,13.342774,-173.606545,0.753163
2229,20.252746,-177.613761,0.753489
2230,20.269930,-169.623498,0.753016
2231,27.180333,-173.629929,0.753280
2232,27.197482,-165.640306,0.752911
2233,34.107683,-169.645546,0.753087
2234,34.125585,-161.656081,0.752781
2235,41.035735,-165.661748,0.752951
2236,41.053708,-157.672278,0.752642
2237,47.963873,-161.677560,0.752834
2238,47.982021,-153.688767,0.752488
2239,54.891508,-157.692877,0.752696
2240,54.910637,-149.703882,0.752343
2241,61.820297,-153.707573,0.752557
2242,61.838981,-145.718990,0.752206
2243,68.748173,-149.722344,0.752407
2244,68.767937,-141.733953,0.752071
2245,75.676762,-145.736297,0.752256
2246,75.696876,-137.747935,0.751930
2247,82.605501,-141.750847,0.752106
2248,82.625223,-133.762362,0.751788
2249,89.534508,-137.764410,0.751955
2250,89.553836,-129.775645,0.751637
2251,96.463211,-133.777675,0.751787
2252,96.482900,-125.789218,0.751490
2253,103.391797,-129.791324,0.751628
2254,103.411067,-121.802312,0.751346
2255,110.319673,-125.804561,0.751452
2256,110.339267,-117.814866,0.751184
2257,117.248509,-121.817278,0.751265
2258,117.267721,-113.827596,0.751016
2259,124.176993,-117.830174,0.751076
2260,124.195902,-109.840481,0.750836
2261,131.105318,-113.843187,0.750883
2262,131.124003,-105.853444,0.750651
2263,138.033784,-109.856332,0.750698
2264,138.052166,-101.866364,0.750444
2265,144.962025,-105.869668,0.750509
2266,144.979873,-97.879204,0.750242
2267,151.891043,-101.883085,0.750293
2268,151.908361,-93.892046,0.750051
2269,158.820923,-97.896377,0.750066
2270,158.837319,-89.906383,0.749832
2271,165.750628,-93.910348,0.749854
2272,165.766708,-85.919712,0.749596
2273,172.681730,-89.925166,0.749634
2274,172.697078,-81.934293,0.749376
2275,179.614478,-85.940633,0.749379
2276,179.628640,-77.949576,0.749144
2277,186.548285,-81.955798,0.749118
2278,186.562215,-73.964511,0.748879
2279,193.484081,-77.971506,0.748854
2280,193.496756,-69.980492,0.748612
2281,-0.543553,-197.565689,0.754757
2282,6.365692,-201.578713,0.755118
2283,6.382819,-193.578714,0.754495
2284,13.292341,-197.590969,0.754848
2285,13.309641,-189.592649,0.754180
2286,20.219533,-193.603724,0.754610
2287,20.236456,-185.607620,0.753917
2288,27.146036,-189.617121,0.754332
2289,27.163457,-181.622182,0.753746
2290,34.072858,-185.630895,0.754046
2291,34.090113,-177.637675,0.753592
2292,41.000239,-181.645879,0.753814
2293,41.018089,-173.652478,0.753408
2294,47.927561,-177.660261,0.753646
2295,47.945366,-169.667308,0.753202
2296,54.855003,-173.674547,0.753489
2297,54.873633,-165.682697,0.753018
2298,61.783494,-169.688598,0.753324
2299,61.801513,-161.696964,0.752856
2300,68.710987,-165.703104,0.753152
2301,68.729934,-157.711422,0.752693
2302,75.639135,-161.717160,0.752971
2303,75.658301,-153.725961,0.752543
2304,82.567354,-157.730655,0.752786
2305,82.586768,-149.740479,0.752383
2306,89.495824,-153.744223,0.752620
2307,89.514729,-145.754151,0.752228
2308,96.424714,-149.757768,0.752450
2309,96.443858,-141.767612,0.752053
2310,103.352707,-145.771237,0.752273
2311,103.372076,-137.780829,0.751883
2312,110.281487,-141.784528,0.752100
2313,110.300304,-133.793716,0.751704
2314,117.210524,-137.798341,0.751911
2315,117.228755,-129.806971,0.751542
2316,124.139246,-133.811862,0.751711
2317,124.157657,-125.820564,0.751374
2318,131.068593,-129.824985,0.751503
2319,131.086512,-121.833750,0.751196
2320,137.998037,-125.838396,0.751296
2321,138.015564,-117.846469,0.751000
2322,144.927127,-121.851369,0.751106
2323,144.945016,-113.860082,0.750781
2324,151.857834,-117.865442,0.750913
2325,151.874292,-109.873747,0.750563
2326,158.788297,-113.879902,0.750695
2327,158.803875,-105.887550,0.750363
2328,165.720204,-109.894529,0.750460
2329,165.735155,-101.902339,0.750155
2330,172.653070,-105.909209,0.750214
2331,172.667603,-97.917199,0.749905
2332,179.586783,-101.924776,0.749969
2333,179.600649,-93.931939,0.749650
2334,186.522726,-97.940492,0.749711
2335,186.535053,-89.948132,0.749398
2336,193.459955,-93.957050,0.749435
2337,193.471515,-85.964295,0.749115
2338,-0.578156,-213.574399,0.756397
2339,6.331685,-217.593268,0.757145
2340,6.349139,-209.583054,0.755973
2341,13.259253,-213.600234,0.756523
2342,13.275771,-205.593007,0.755593
2343,20.185537,-209.609008,0.756106
2344,20.202807,-201.604175,0.755235
2345,27.112332,-205.618951,0.755748
2346,27.129027,-197.616185,0.754959
2347,34.039171,-201.629801,0.755399
2348,34.056154,-193.628672,0.754719
2349,40.966314,-197.641437,0.755097
2350,40.982915,-189.641553,0.754485
2351,47.893230,-193.653568,0.754836
2352,47.910300,-185.654993,0.754239
2353,54.820870,-189.666085,0.754618
2354,54.837779,-181.668619,0.753976
2355,61.747938,-185.679021,0.754397
2356,61.765544,-177.682407,0.753743
2357,68.675382,-181.692057,0.754181
2358,68.693011,-173.696127,0.753544
2359,75.603385,-177.704367,0.753958
2360,75.621088,-169.709569,0.753359
2361,82.531439,-173.718066,0.753748
2362,82.549213,-165.723359,0.753181
2363,89.459673,-169.730750,0.753539
2364,89.477542,-161.736630,0.752997
2365,96.388323,-165.744538,0.753331
2366,96.406270,-157.750031,0.752811
2367,103.316794,-161.757834,0.753139
2368,103.334827,-153.763484,0.752631
2369,110.246034,-157.770531,0.752950
2370,110.263398,-149.776898,0.752435
2371,117.174798,-153.784083,0.752756
2372,117.192179,-145.790198,0.752248
2373,124.104794,-149.797642,0.752557
2374,124.121386,-141.803325,0.752067
2375,131.034758,-145.811162,0.752343
2376,131.050546,-137.817017,0.751888
2377,137.964943,-141.825312,0.752127
2378,137.980695,-133.830504,0.751708
2379,144.895570,-137.839253,0.751900
2380,144.910658,-129.844533,0.751504
2381,151.826944,-133.852945,0.751678
2382,151.842182,-125.858963,0.751283
2383,158.758735,-129.867910,0.751459
2384,158.773224,-121.872959,0.751044
2385,165.692098,-125.882641,0.751233
2386,165.705684,-117.887960,0.750813
2387,172.626713,-121.897853,0.750990
2388,172.639333,-113.903289,0.750580
2389,179.562315,-117.914267,0.750749
2390,179.573948,-109.918956,0.750327
2391,186.500588,-113.930603,0.750532
2392,186.510760,-105.934870,0.750073
2393,193.441949,-109.948586,0.750255
2394,193.450127,-101.952016,0.749832
