# Per-cobra black-dot target, in dot fraction (0 = entry edge, 0.5 = geometric centre,
# 1 = exit edge).  `calibrated` False means dotTargetFraction is the fleet fallback,
# not a measurement.  source: sept1scan = fitted to the dot scan of 2026-09-01
# (run 20260901_047, visits 148471-148483) through the fps tracker and measured
# gain; july2scan = fitted to the two scans of 2026-07-24 where 2026-09-01 gave no
# usable fit.  Accepted: fitted, inside the scan's own depth range, within 0.15-0.85.
cobraId,dotTargetFraction,calibrated,dotEdgeFraction,entryEdgeSeen,runSpread,source
1,0.6581,True,0.1162,True,,sept1scan
2,0.5331,True,0.0661,True,,sept1scan
3,0.5066,True,,False,,sept1scan
4,0.4762,True,0.0504,True,,sept1scan
5,0.5248,True,0.0747,True,,sept1scan
6,0.437,True,0.0661,True,,sept1scan
7,0.5615,True,0.0695,True,,sept1scan
8,0.5812,True,0.0736,True,,sept1scan
9,0.4093,True,0.0467,True,,sept1scan
10,0.4854,True,0.0658,True,,sept1scan
11,0.5482,True,,False,,sept1scan
12,0.3867,True,0.0499,True,,sept1scan
13,0.5159,True,0.0885,True,,sept1scan
14,0.4955,True,,False,,sept1scan
15,0.5458,True,0.0864,True,,sept1scan
16,0.5467,True,0.0821,True,,sept1scan
17,0.4382,True,0.0824,True,,sept1scan
18,0.4215,True,0.0831,True,,sept1scan
19,0.565,True,0.0745,True,,sept1scan
20,0.5764,True,0.0832,True,,sept1scan
21,0.7047,True,0.1066,True,,sept1scan
22,0.5611,True,0.0836,True,,sept1scan
23,0.5095,True,0.0903,True,,sept1scan
24,0.4247,True,0.112,True,,sept1scan
25,0.5511,True,0.0582,True,,sept1scan
26,0.5193,True,0.0799,True,,sept1scan
27,0.5357,True,0.0439,True,,sept1scan
28,0.4962,True,0.0626,True,,sept1scan
29,0.5289,True,0.0676,True,,sept1scan
30,0.528,True,0.0756,True,,sept1scan
31,0.4882,True,0.0527,True,,sept1scan
32,0.3745,True,0.0107,True,,sept1scan
33,0.3569,True,0.0297,True,,sept1scan
34,0.3261,True,0.0432,True,,sept1scan
35,0.5643,True,0.0942,True,,sept1scan
36,0.48,True,0.072,True,,sept1scan
37,0.4732,True,0.0761,True,,sept1scan
38,0.4493,True,0.0934,True,,sept1scan
39,0.5266,True,0.0916,True,,sept1scan
40,0.391,True,0.0499,True,,sept1scan
41,0.4864,False,,False,,none
42,0.2625,True,,False,,sept1scan
43,0.4988,True,0.0558,True,,sept1scan
44,0.4864,False,,False,,none
45,0.4349,True,0.07,True,,sept1scan
46,0.3723,True,,False,,sept1scan
47,0.4864,False,,False,,none
48,0.6198,True,0.1075,True,,sept1scan
49,0.4864,False,,False,,none
50,0.4864,False,,False,,none
51,0.5814,True,0.1057,True,,sept1scan
52,0.496,True,0.0652,True,,sept1scan
53,0.4583,True,0.0851,True,,sept1scan
54,0.3688,True,,False,,sept1scan
55,0.5469,True,0.1036,True,,sept1scan
56,0.515,True,0.0807,True,,sept1scan
57,0.5195,True,0.0826,True,,sept1scan
58,0.5874,True,0.0984,True,,sept1scan
59,0.6133,True,0.1283,True,,sept1scan
60,0.4731,True,0.064,True,,sept1scan
61,0.4426,True,,False,,sept1scan
62,0.5662,True,0.0964,True,,sept1scan
63,0.4105,True,0.0766,True,,sept1scan
64,0.5549,True,0.0769,True,,sept1scan
65,0.5595,True,0.0992,True,,sept1scan
66,0.3038,True,0.0251,True,,sept1scan
67,0.5333,True,0.0792,True,,sept1scan
68,0.5485,True,0.0721,True,,sept1scan
69,0.5807,True,0.0924,True,,sept1scan
70,0.6626,True,0.1026,True,,sept1scan
71,0.4657,True,0.066,True,,sept1scan
72,0.5655,True,0.0659,True,,sept1scan
73,0.3036,True,,False,,sept1scan
74,0.5126,True,0.0549,True,,sept1scan
75,0.4593,True,0.0812,True,,sept1scan
76,0.3812,True,0.0648,True,,sept1scan
77,0.5182,True,0.0899,True,,sept1scan
78,0.4653,True,0.095,True,,sept1scan
79,0.6614,True,0.1082,True,,sept1scan
80,0.5805,True,0.0935,True,,sept1scan
81,0.5005,True,0.076,True,,sept1scan
82,0.3938,True,0.0524,True,,sept1scan
83,0.41,True,0.0772,True,,sept1scan
84,0.5615,True,0.0682,True,,sept1scan
85,0.5655,True,0.0704,True,,sept1scan
86,0.5763,True,0.0934,True,,sept1scan
87,0.4406,True,0.0714,True,,sept1scan
88,0.4459,True,,False,,sept1scan
89,0.524,True,0.0498,True,,sept1scan
90,0.5868,True,0.0971,True,,sept1scan
91,0.4893,True,0.0826,True,,sept1scan
92,0.4569,True,0.0592,True,,sept1scan
93,0.6608,True,0.1438,True,,sept1scan
94,0.3691,True,0.0292,True,,sept1scan
95,0.5614,True,0.0854,True,,sept1scan
96,0.5773,True,0.1054,True,,sept1scan
97,0.4253,True,,False,,sept1scan
98,0.5339,True,0.0727,True,,sept1scan
99,0.4295,True,-0.0555,True,,sept1scan
100,0.522,True,,False,,sept1scan
101,0.1793,True,,False,,sept1scan
102,0.3535,True,,False,,sept1scan
103,0.4864,False,,False,,none
104,0.2501,True,-0.0744,True,,sept1scan
105,0.5361,True,0.0607,True,,sept1scan
106,0.3849,True,,False,,sept1scan
107,0.4231,True,0.0562,True,,sept1scan
108,0.3918,True,,False,,sept1scan
109,0.4421,True,,False,,sept1scan
110,0.2607,True,,False,,sept1scan
111,0.3996,True,,False,,sept1scan
112,0.4589,True,0.0271,True,,sept1scan
113,0.3632,True,0.0419,True,,sept1scan
114,0.5146,True,0.0845,True,,sept1scan
115,0.551,True,0.1029,True,,sept1scan
116,0.5949,True,0.1059,True,,sept1scan
117,0.3932,True,0.1023,True,0.001,july2scan
118,0.3926,True,,False,,sept1scan
119,0.4608,True,0.0826,True,,sept1scan
120,0.5274,True,0.0709,True,,sept1scan
121,0.4421,True,0.0651,True,,sept1scan
122,0.4087,True,0.0771,True,,sept1scan
123,0.5478,True,0.0777,True,,sept1scan
124,0.4099,True,0.0365,True,,sept1scan
125,0.5165,True,0.065,True,,sept1scan
126,0.5213,True,0.0756,True,,sept1scan
127,0.3143,True,-0.0195,True,,sept1scan
128,0.5437,True,0.069,True,,sept1scan
129,0.3819,True,0.0282,True,,sept1scan
130,0.5036,True,0.0477,True,,sept1scan
131,0.4168,True,0.0407,True,,sept1scan
132,0.4267,True,,False,,sept1scan
133,0.434,True,0.0519,True,,sept1scan
134,0.5195,True,0.0734,True,,sept1scan
135,0.5609,True,0.1172,True,,sept1scan
136,0.3346,True,-0.0032,True,,sept1scan
137,0.3876,True,0.0533,True,,sept1scan
138,0.5601,True,0.0929,True,,sept1scan
139,0.4991,True,,False,,sept1scan
140,0.6063,True,0.093,True,,sept1scan
141,0.4909,True,,False,,sept1scan
142,0.4955,True,0.0712,True,,sept1scan
143,0.453,True,0.0671,True,,sept1scan
144,0.4557,True,0.09,True,,sept1scan
145,0.3712,True,0.0469,True,,sept1scan
146,0.2529,True,-0.0432,True,,sept1scan
147,0.5531,True,0.0828,True,,sept1scan
148,0.5683,True,0.0919,True,,sept1scan
149,0.5441,True,0.0725,True,,sept1scan
150,0.3758,True,0.0473,True,,sept1scan
151,0.5607,True,0.0888,True,,sept1scan
152,0.3658,True,0.0523,True,,sept1scan
153,0.591,True,0.0828,True,,sept1scan
154,0.4046,True,0.0449,True,,sept1scan
155,0.5783,True,0.0921,True,,sept1scan
156,0.594,True,0.0841,True,,sept1scan
157,0.4259,True,0.0548,True,,sept1scan
158,0.607,True,0.1137,True,,sept1scan
159,0.3602,True,0.0496,True,,sept1scan
160,0.3811,True,0.0246,True,,sept1scan
161,0.3957,True,0.0466,True,,sept1scan
162,0.401,True,0.0612,True,,sept1scan
163,0.6413,True,0.0941,True,,sept1scan
164,0.6413,True,0.1115,True,,sept1scan
165,0.5257,True,0.0666,True,,sept1scan
166,0.5528,True,0.0954,True,,sept1scan
167,0.5808,True,0.0759,True,,sept1scan
168,0.2879,True,-0.0175,True,,sept1scan
169,0.6052,True,0.0553,True,,sept1scan
170,0.4484,True,0.0594,True,,sept1scan
171,0.3735,True,0.0299,True,,sept1scan
172,0.5074,True,0.1119,True,,sept1scan
173,0.4864,False,,False,,none
174,0.5843,True,0.0903,True,,sept1scan
175,0.5208,True,0.1,True,,sept1scan
176,0.5155,True,0.0684,True,,sept1scan
177,0.5641,True,0.0891,True,,sept1scan
178,0.602,True,0.1179,True,,sept1scan
179,0.5496,True,0.0831,True,,sept1scan
180,0.5167,True,0.0692,True,,sept1scan
181,0.2088,True,-0.069,True,0.0591,july2scan
182,0.5516,True,0.0769,True,,sept1scan
183,0.4661,True,0.079,True,,sept1scan
184,0.4038,True,0.0562,True,,sept1scan
185,0.469,True,0.0577,True,,sept1scan
186,0.63,True,0.08,True,,sept1scan
187,0.4705,True,0.0527,True,,sept1scan
188,0.4401,True,0.0771,True,,sept1scan
189,0.5986,True,0.0839,True,,sept1scan
190,0.5338,True,0.0531,True,,sept1scan
191,0.5489,True,0.0586,True,,sept1scan
192,0.5181,True,0.0489,True,,sept1scan
193,0.4864,False,,False,,none
194,0.5663,True,0.0656,True,,sept1scan
195,0.5144,True,0.072,True,,sept1scan
196,0.4528,True,0.0715,True,,sept1scan
197,0.4412,True,0.0838,True,,sept1scan
198,0.4844,True,0.0983,True,,sept1scan
199,0.4759,True,0.1061,True,,sept1scan
200,0.4957,True,0.0399,True,,sept1scan
201,0.3121,True,0.0022,True,,sept1scan
202,0.389,True,0.0529,True,,sept1scan
203,0.5317,True,0.0804,True,,sept1scan
204,0.4883,True,,False,0.0129,july2scan
205,0.3512,True,0.0647,True,,sept1scan
206,0.5788,True,0.1035,True,,sept1scan
207,0.2842,True,0.0535,True,0.0701,july2scan
208,0.4664,True,,False,,sept1scan
209,0.4037,True,0.0322,True,,sept1scan
210,0.4967,True,0.0456,True,,sept1scan
211,0.4574,True,0.1126,True,0.0645,july2scan
212,0.4924,True,0.0612,True,,sept1scan
213,0.5286,True,0.104,True,,sept1scan
214,0.5151,True,0.0626,True,,sept1scan
215,0.5692,True,0.0824,True,,sept1scan
216,0.5172,True,0.0615,True,,sept1scan
217,0.4447,True,0.0525,True,,sept1scan
218,0.4278,True,0.0621,True,,sept1scan
219,0.3752,True,0.0248,True,,sept1scan
220,0.573,True,0.057,True,,sept1scan
221,0.5374,True,0.0746,True,,sept1scan
222,0.4706,True,0.05,True,,sept1scan
223,0.3987,True,0.0435,True,,sept1scan
224,0.4552,True,0.0841,True,,sept1scan
225,0.5369,True,0.0718,True,,sept1scan
226,0.511,True,0.0523,True,,sept1scan
227,0.4818,True,0.0557,True,,sept1scan
228,0.3747,True,0.0708,True,,sept1scan
229,0.5624,True,0.0689,True,,sept1scan
230,0.5535,True,0.1272,True,,sept1scan
231,0.5525,True,0.1023,True,,sept1scan
232,0.3101,True,0.0225,True,,sept1scan
233,0.4746,True,0.0775,True,,sept1scan
234,0.5186,True,0.1026,True,,sept1scan
235,0.4634,True,0.0781,True,,sept1scan
236,0.5214,True,0.085,True,,sept1scan
237,0.5426,True,,False,,sept1scan
238,0.5823,True,0.0887,True,,sept1scan
239,0.5839,True,0.0969,True,,sept1scan
240,0.4143,True,0.0734,True,,sept1scan
241,0.3821,True,0.0606,True,,sept1scan
242,0.6013,True,0.1026,True,,sept1scan
243,0.392,True,,False,,sept1scan
244,0.5318,True,0.0733,True,,sept1scan
245,0.3444,True,0.05,True,,sept1scan
246,0.5842,True,0.0912,True,,sept1scan
247,0.5286,True,0.0705,True,,sept1scan
248,0.5386,True,0.0864,True,,sept1scan
249,0.485,True,0.0843,True,,sept1scan
250,0.5963,True,0.0846,True,,sept1scan
251,0.4439,True,,False,,sept1scan
252,0.4197,True,0.0605,True,,sept1scan
253,0.4323,True,0.0773,True,,sept1scan
254,0.415,True,0.0575,True,,sept1scan
255,0.4702,True,0.0623,True,,sept1scan
256,0.6148,True,0.0933,True,,sept1scan
257,0.5293,True,0.0679,True,,sept1scan
258,0.58,True,0.098,True,,sept1scan
259,0.4548,True,0.0683,True,,sept1scan
260,0.5009,True,0.064,True,,sept1scan
261,0.4469,True,0.0534,True,,sept1scan
262,0.4793,True,0.0527,True,0.0749,july2scan
263,0.4377,True,0.0804,True,,sept1scan
264,0.585,True,0.0825,True,,sept1scan
265,0.3077,True,0.0266,True,,sept1scan
266,0.4948,True,0.0679,True,,sept1scan
267,0.5053,True,0.0747,True,,sept1scan
268,0.3962,True,0.0665,True,,sept1scan
269,0.6294,True,0.0858,True,,sept1scan
270,0.5437,True,0.0521,True,,sept1scan
271,0.4219,True,0.063,True,,sept1scan
272,0.4565,True,0.0616,True,,sept1scan
273,0.3406,True,0.0498,True,,sept1scan
274,0.4353,True,0.0703,True,,sept1scan
275,0.5404,True,0.0888,True,,sept1scan
276,0.6192,True,,False,0.0032,july2scan
277,0.3984,True,0.0702,True,,sept1scan
278,0.5657,True,0.0959,True,,sept1scan
279,0.5449,True,0.0609,True,,sept1scan
280,0.5625,True,0.091,True,,sept1scan
281,0.4219,True,0.0466,True,,sept1scan
282,0.3965,True,0.0433,True,,sept1scan
283,0.5153,True,0.0686,True,,sept1scan
284,0.6742,True,0.1222,True,0.0711,july2scan
285,0.2999,True,0.0078,True,,sept1scan
286,0.4369,True,0.0738,True,,sept1scan
287,0.4543,True,0.0974,True,,sept1scan
288,0.3726,True,,False,,sept1scan
289,0.5204,True,0.0784,True,,sept1scan
290,0.4702,True,0.081,True,,sept1scan
291,0.5321,True,0.0861,True,,sept1scan
292,0.5346,True,0.0786,True,,sept1scan
293,0.6357,True,0.1165,True,,sept1scan
294,0.3954,True,0.0728,True,,sept1scan
295,0.2359,True,-0.0557,True,0.0435,july2scan
296,0.4276,True,0.066,True,,sept1scan
297,0.4853,True,0.0701,True,,sept1scan
298,0.5627,True,0.0819,True,,sept1scan
299,0.4359,True,0.068,True,,sept1scan
300,0.6027,True,0.0939,True,,sept1scan
301,0.4299,True,0.074,True,,sept1scan
302,0.4426,True,0.0684,True,,sept1scan
303,0.542,True,0.0733,True,,sept1scan
304,0.4624,True,0.0626,True,,sept1scan
305,0.4096,True,0.0627,True,,sept1scan
306,0.5245,True,0.0862,True,,sept1scan
307,0.4975,True,0.0681,True,,sept1scan
308,0.4864,False,,False,,none
309,0.5118,True,0.0651,True,,sept1scan
310,0.499,True,,False,,sept1scan
311,0.4112,True,0.0525,True,,sept1scan
312,0.4951,True,0.0823,True,,sept1scan
313,0.6217,True,0.1105,True,,sept1scan
314,0.5973,True,0.0972,True,,sept1scan
315,0.5727,True,,False,0.0278,july2scan
316,0.5913,True,0.1023,True,,sept1scan
317,0.4248,True,0.0664,True,,sept1scan
318,0.4727,True,0.0567,True,,sept1scan
319,0.3793,True,0.0595,True,,sept1scan
320,0.4075,True,0.0784,True,,sept1scan
321,0.4876,True,0.0648,True,,sept1scan
322,0.6207,True,0.0978,True,,sept1scan
323,0.4109,True,0.0558,True,,sept1scan
324,0.3745,True,0.0378,True,,sept1scan
325,0.459,True,0.0997,True,,sept1scan
326,0.4165,True,0.0814,True,,sept1scan
327,0.4765,True,0.0701,True,,sept1scan
328,0.4309,True,0.0523,True,,sept1scan
329,0.5247,True,0.0864,True,,sept1scan
330,0.4296,True,0.0542,True,,sept1scan
331,0.5881,True,0.0954,True,,sept1scan
332,0.4409,True,0.0497,True,,sept1scan
333,0.5846,True,0.1082,True,,sept1scan
334,0.397,True,0.0622,True,,sept1scan
335,0.4205,True,0.0569,True,,sept1scan
336,0.4157,True,0.0558,True,,sept1scan
337,0.4678,True,0.0677,True,,sept1scan
338,0.5127,True,0.071,True,,sept1scan
339,0.6309,True,0.1383,True,,sept1scan
340,0.3798,True,,False,,sept1scan
341,0.5834,True,0.0599,True,,sept1scan
342,0.3302,True,0.0035,True,,sept1scan
343,0.6255,True,0.1303,True,,sept1scan
344,0.4864,False,,False,,none
345,0.3985,True,0.0579,True,,sept1scan
346,0.3609,True,0.0397,True,,sept1scan
347,0.4864,False,,False,,none
348,0.4061,True,0.055,True,,sept1scan
349,0.5398,True,,False,,sept1scan
350,0.3662,True,0.0866,True,,sept1scan
351,0.5054,True,0.0762,True,,sept1scan
352,0.6647,True,0.1292,True,,sept1scan
353,0.456,True,0.0416,True,,sept1scan
354,0.593,True,0.102,True,,sept1scan
355,0.5718,True,0.1145,True,,sept1scan
356,0.4864,False,,False,,none
357,0.5004,True,0.0584,True,,sept1scan
358,0.3582,True,0.0567,True,,sept1scan
359,0.5505,True,,False,,sept1scan
360,0.5178,True,0.0799,True,0.0398,july2scan
361,0.4864,False,,False,,none
362,0.4421,True,0.0894,True,,sept1scan
363,0.5597,True,0.0976,True,,sept1scan
364,0.4825,True,,False,,sept1scan
365,0.4995,True,0.0749,True,,sept1scan
366,0.4928,True,0.0889,True,,sept1scan
367,0.4629,True,0.0732,True,,sept1scan
368,0.539,True,0.0951,True,,sept1scan
369,0.3842,True,0.0502,True,,sept1scan
370,0.4518,True,0.1181,True,0.0104,july2scan
371,0.4451,True,0.0681,True,,sept1scan
372,0.4254,True,,False,,sept1scan
373,0.4329,True,0.0251,True,,sept1scan
374,0.5127,True,0.0791,True,,sept1scan
375,0.3832,True,0.0528,True,,sept1scan
376,0.5821,True,0.1104,True,,sept1scan
377,0.4548,True,0.0707,True,,sept1scan
378,0.4741,True,0.0714,True,,sept1scan
379,0.3895,True,0.0559,True,,sept1scan
380,0.5348,True,0.1003,True,,sept1scan
381,0.5144,True,0.0519,True,,sept1scan
382,0.5827,True,0.1113,True,,sept1scan
383,0.5962,True,0.0902,True,,sept1scan
384,0.6419,True,0.0824,True,,sept1scan
385,0.557,True,0.0992,True,,sept1scan
386,0.5525,True,0.0803,True,,sept1scan
387,0.5609,True,0.0789,True,,sept1scan
388,0.478,True,0.0835,True,,sept1scan
389,0.4002,True,,False,,sept1scan
390,0.2412,True,-0.0821,True,,sept1scan
391,0.3727,True,0.0058,True,,sept1scan
392,0.5608,True,0.0798,True,,sept1scan
393,0.5007,True,0.0472,True,,sept1scan
394,0.397,True,,False,,sept1scan
395,0.5157,True,0.0759,True,,sept1scan
396,0.533,True,0.0724,True,,sept1scan
397,0.5557,True,0.0599,True,,sept1scan
398,0.5606,True,0.0868,True,,sept1scan
399,0.508,True,0.0724,True,,sept1scan
400,0.4863,True,0.0775,True,,sept1scan
401,0.4165,True,0.0682,True,,sept1scan
402,0.4625,True,0.0852,True,,sept1scan
403,0.467,True,0.0939,True,,sept1scan
404,0.5617,True,0.0867,True,,sept1scan
405,0.4684,True,0.0985,True,,sept1scan
406,0.4539,True,0.0541,True,,sept1scan
407,0.4619,True,0.0919,True,,sept1scan
408,0.4462,True,0.0642,True,,sept1scan
409,0.4259,True,0.0684,True,,sept1scan
410,0.6222,True,0.1555,True,0.0184,july2scan
411,0.5107,True,0.0627,True,,sept1scan
412,0.2018,True,,False,,sept1scan
413,0.3951,True,0.0314,True,,sept1scan
414,0.5862,True,,False,,sept1scan
415,0.4128,True,0.0542,True,,sept1scan
416,0.5277,True,,False,0.0403,july2scan
417,0.3534,True,0.0432,True,,sept1scan
418,0.5092,True,0.06,True,,sept1scan
419,0.361,True,0.038,True,,sept1scan
420,0.528,True,0.0783,True,,sept1scan
421,0.4605,True,0.0849,True,,sept1scan
422,0.4065,True,0.0409,True,,sept1scan
423,0.3566,True,0.0533,True,,sept1scan
424,0.4067,True,0.0466,True,,sept1scan
425,0.5398,True,0.087,True,,sept1scan
426,0.4706,True,0.0632,True,,sept1scan
427,0.3721,True,,False,0.019,july2scan
428,0.5145,True,0.1535,True,0.0161,july2scan
429,0.4002,True,0.0551,True,,sept1scan
430,0.5322,True,0.0872,True,,sept1scan
431,0.3682,True,0.0521,True,,sept1scan
432,0.4038,True,0.0605,True,,sept1scan
433,0.4693,True,0.056,True,,sept1scan
434,0.3513,True,0.0299,True,,sept1scan
435,0.5527,True,0.0538,True,,sept1scan
436,0.344,True,0.0263,True,,sept1scan
437,0.5489,True,0.0808,True,,sept1scan
438,0.4658,True,0.0775,True,,sept1scan
439,0.6085,True,0.1123,True,,sept1scan
440,0.3663,True,0.0369,True,,sept1scan
441,0.4541,True,0.0583,True,,sept1scan
442,0.5305,True,0.0727,True,,sept1scan
443,0.4864,False,,False,,none
444,0.6407,True,0.097,True,,sept1scan
445,0.6528,True,0.1058,True,,sept1scan
446,0.4613,True,,False,,sept1scan
447,0.5567,True,0.0725,True,,sept1scan
448,0.5084,True,0.0718,True,,sept1scan
449,0.411,True,,False,,sept1scan
450,0.5399,True,0.0725,True,,sept1scan
451,0.4159,True,0.0578,True,,sept1scan
452,0.4917,True,0.0484,True,,sept1scan
453,0.5423,True,0.0605,True,,sept1scan
454,0.3893,True,-0.0494,True,,sept1scan
455,0.5054,True,0.057,True,,sept1scan
456,0.4325,True,0.0562,True,,sept1scan
457,0.4084,True,0.0386,True,,sept1scan
458,0.369,True,,False,,sept1scan
459,0.4377,True,0.0591,True,,sept1scan
460,0.6606,True,0.1122,True,,sept1scan
461,0.5555,True,0.1062,True,,sept1scan
462,0.5272,True,0.0864,True,,sept1scan
463,0.5301,True,0.0716,True,,sept1scan
464,0.4353,True,,False,,sept1scan
465,0.5191,True,0.0564,True,,sept1scan
466,0.4421,True,0.0738,True,,sept1scan
467,0.4864,False,,False,,none
468,0.3035,True,,False,,sept1scan
469,0.5218,True,0.0711,True,,sept1scan
470,0.4519,True,0.0591,True,,sept1scan
471,0.3944,True,,False,,sept1scan
472,0.4552,True,0.0832,True,,sept1scan
473,0.5147,True,0.0672,True,,sept1scan
474,0.5812,True,0.1037,True,,sept1scan
475,0.5571,True,0.0909,True,,sept1scan
476,0.3734,True,0.0259,True,,sept1scan
477,0.4022,True,0.0412,True,,sept1scan
478,0.3857,True,0.0697,True,,sept1scan
479,0.5112,True,0.0725,True,,sept1scan
480,0.4903,True,0.0745,True,,sept1scan
481,0.4702,True,0.0585,True,,sept1scan
482,0.4536,True,0.0988,True,,sept1scan
483,0.3237,True,0.0138,True,,sept1scan
484,0.4071,True,,False,,sept1scan
485,0.3296,True,0.0567,True,,sept1scan
486,0.4827,True,0.0709,True,,sept1scan
487,0.5777,True,0.0955,True,,sept1scan
488,0.4535,True,0.0578,True,,sept1scan
489,0.5366,True,0.0599,True,,sept1scan
490,0.5048,True,0.0791,True,,sept1scan
491,0.5064,True,0.0555,True,,sept1scan
492,0.4798,True,0.0662,True,,sept1scan
493,0.4864,False,,False,,none
494,0.559,True,0.0993,True,,sept1scan
495,0.5588,True,0.0775,True,,sept1scan
496,0.5725,True,0.0823,True,,sept1scan
497,0.5152,True,0.0841,True,,sept1scan
498,0.4204,True,0.0527,True,,sept1scan
499,0.4864,False,,False,,none
500,0.5711,True,0.0896,True,,sept1scan
501,0.4322,True,0.0654,True,,sept1scan
502,0.5163,True,0.0756,True,,sept1scan
503,0.5331,True,0.058,True,,sept1scan
504,0.4434,True,0.0821,True,,sept1scan
505,0.5584,True,0.0808,True,,sept1scan
506,0.4541,True,0.0682,True,,sept1scan
507,0.3519,True,0.0288,True,,sept1scan
508,0.5546,True,0.0808,True,,sept1scan
509,0.3386,True,0.0235,True,,sept1scan
510,0.4212,True,0.0563,True,,sept1scan
511,0.4719,True,0.0876,True,,sept1scan
512,0.4048,True,0.069,True,,sept1scan
513,0.3847,True,0.0393,True,,sept1scan
514,0.6304,True,0.0942,True,,sept1scan
515,0.4814,True,0.0436,True,,sept1scan
516,0.4864,False,,False,,none
517,0.5417,True,0.0799,True,,sept1scan
518,0.4119,True,0.0998,True,,sept1scan
519,0.4806,True,0.1157,True,,sept1scan
520,0.44,True,,False,,sept1scan
521,0.5159,True,0.0705,True,,sept1scan
522,0.6117,True,0.1509,True,0.014,july2scan
523,0.4232,True,0.075,True,,sept1scan
524,0.4835,True,0.0725,True,,sept1scan
525,0.4102,True,0.0755,True,0.0078,july2scan
526,0.4907,True,0.0519,True,,sept1scan
527,0.4449,True,0.0616,True,,sept1scan
528,0.38,True,0.0257,True,,sept1scan
529,0.5612,True,,False,,sept1scan
530,0.544,True,,False,,sept1scan
531,0.237,True,-0.0043,True,,sept1scan
532,0.5081,True,0.0651,True,,sept1scan
533,0.3571,True,0.0119,True,,sept1scan
534,0.466,True,0.0641,True,,sept1scan
535,0.3948,True,,False,,sept1scan
536,0.3588,True,0.0258,True,,sept1scan
537,0.5619,True,0.1005,True,,sept1scan
538,0.6077,True,0.0976,True,,sept1scan
539,0.4577,True,,False,,sept1scan
540,0.5491,True,0.092,True,,sept1scan
541,0.5454,True,0.066,True,,sept1scan
542,0.4196,True,0.0499,True,,sept1scan
543,0.5799,True,0.1221,True,0.052,july2scan
544,0.5651,True,0.092,True,,sept1scan
545,0.5269,True,0.0873,True,,sept1scan
546,0.3463,True,0.0278,True,,sept1scan
547,0.5395,True,0.0685,True,,sept1scan
548,0.4948,True,0.0723,True,,sept1scan
549,0.6152,True,0.085,True,,sept1scan
550,0.5779,True,0.0934,True,,sept1scan
551,0.6032,True,0.0857,True,,sept1scan
552,0.605,True,0.098,True,,sept1scan
553,0.6188,True,0.0906,True,,sept1scan
554,0.4729,True,0.0617,True,,sept1scan
555,0.5777,True,0.1176,True,,sept1scan
556,0.4774,True,0.0385,True,,sept1scan
557,0.501,True,0.095,True,,sept1scan
558,0.44,True,0.0783,True,,sept1scan
559,0.5297,True,0.0728,True,,sept1scan
560,0.6294,True,0.0799,True,,sept1scan
561,0.43,True,0.0108,True,,sept1scan
562,0.3757,True,0.0328,True,,sept1scan
563,0.5696,True,0.0857,True,,sept1scan
564,0.4379,True,0.0452,True,,sept1scan
565,0.5574,True,0.0745,True,,sept1scan
566,0.3627,True,0.0254,True,,sept1scan
567,0.455,True,0.0668,True,,sept1scan
568,0.4551,True,0.0844,True,,sept1scan
569,0.4346,True,0.0675,True,,sept1scan
570,0.4344,True,0.0594,True,,sept1scan
571,0.4864,False,,False,,none
572,0.534,True,0.0742,True,,sept1scan
573,0.5171,True,0.0624,True,,sept1scan
574,0.3951,True,,False,0.0508,july2scan
575,0.6127,True,0.1005,True,,sept1scan
576,0.4693,True,0.0461,True,,sept1scan
577,0.4773,True,0.0481,True,,sept1scan
578,0.3957,True,,False,,sept1scan
579,0.4319,True,,False,,sept1scan
580,0.3337,True,-0.007,True,,sept1scan
581,0.43,True,,False,,sept1scan
582,0.5592,True,0.0722,True,,sept1scan
583,0.5416,True,0.088,True,,sept1scan
584,0.3125,True,0.0466,True,,sept1scan
585,0.4715,True,0.0698,True,,sept1scan
586,0.5608,True,0.0761,True,,sept1scan
587,0.7054,True,0.1112,True,,sept1scan
588,0.4546,True,0.0728,True,,sept1scan
589,0.4694,True,0.044,True,,sept1scan
590,0.5776,True,0.0784,True,,sept1scan
591,0.6332,True,0.0813,True,,sept1scan
592,0.4156,True,0.0488,True,,sept1scan
593,0.5247,True,0.0665,True,,sept1scan
594,0.5437,True,0.0904,True,,sept1scan
595,0.2919,True,,False,,sept1scan
596,0.2814,True,-0.0446,True,,sept1scan
597,0.5615,True,0.0906,True,,sept1scan
598,0.4081,True,0.0539,True,,sept1scan
599,0.3024,True,0.0174,True,,sept1scan
600,0.454,True,,False,,sept1scan
601,0.3979,True,0.0629,True,,sept1scan
602,0.489,True,0.1382,True,,sept1scan
603,0.524,True,0.0517,True,,sept1scan
604,0.3873,True,0.0838,True,,sept1scan
605,0.4844,True,0.0722,True,,sept1scan
606,0.4119,True,0.0554,True,,sept1scan
607,0.5913,True,0.1031,True,,sept1scan
608,0.4827,True,0.0616,True,,sept1scan
609,0.4888,True,0.0921,True,,sept1scan
610,0.5679,True,0.1163,True,,sept1scan
611,0.4723,True,0.1093,True,,sept1scan
612,0.5519,True,0.0784,True,,sept1scan
613,0.5259,True,0.0708,True,,sept1scan
614,0.2878,True,0.0208,True,,sept1scan
615,0.7928,True,0.1929,True,0.0368,july2scan
616,0.6058,True,0.1212,True,,sept1scan
617,0.4911,True,0.0644,True,,sept1scan
618,0.4496,True,0.0553,True,,sept1scan
619,0.2799,True,,False,,sept1scan
620,0.5234,True,0.1008,True,,sept1scan
621,0.4338,True,,False,,sept1scan
622,0.6031,True,0.1023,True,,sept1scan
623,0.4314,True,0.0617,True,,sept1scan
624,0.3532,True,0.0313,True,,sept1scan
625,0.5876,True,0.0905,True,,sept1scan
626,0.5375,True,0.0645,True,,sept1scan
627,0.5847,True,0.0879,True,,sept1scan
628,0.4665,True,0.0401,True,,sept1scan
629,0.4227,True,,False,,sept1scan
630,0.4864,True,0.0581,True,,sept1scan
631,0.3527,True,,False,,sept1scan
632,0.519,True,0.0846,True,,sept1scan
633,0.518,True,0.0799,True,,sept1scan
634,0.5505,True,0.0711,True,,sept1scan
635,0.4522,True,,False,,sept1scan
636,0.4441,True,0.0712,True,,sept1scan
637,0.4939,True,0.0466,True,,sept1scan
638,0.449,True,0.0474,True,0.0291,july2scan
639,0.4772,True,0.0767,True,,sept1scan
640,0.4567,True,0.0745,True,,sept1scan
641,0.481,True,0.0756,True,,sept1scan
642,0.3615,True,0.012,True,,sept1scan
643,0.3455,True,0.0451,True,,sept1scan
644,0.6929,True,0.1334,True,,sept1scan
645,0.4024,True,0.0349,True,,sept1scan
646,0.5287,True,0.075,True,,sept1scan
647,0.5741,True,0.0727,True,,sept1scan
648,0.4864,False,,False,,none
649,0.5266,True,0.0738,True,,sept1scan
650,0.4449,True,0.0691,True,,sept1scan
651,0.2539,True,-0.0221,True,,sept1scan
652,0.511,True,0.0702,True,,sept1scan
653,0.5327,True,0.0866,True,,sept1scan
654,0.6091,True,0.0757,True,,sept1scan
655,0.5568,True,0.0683,True,,sept1scan
656,0.5541,True,0.0634,True,,sept1scan
657,0.4952,True,0.0993,True,,sept1scan
658,0.5488,True,0.0999,True,,sept1scan
659,0.4629,True,0.074,True,,sept1scan
660,0.4368,True,0.0802,True,,sept1scan
661,0.3747,True,0.0458,True,,sept1scan
662,0.4572,True,0.0538,True,,sept1scan
663,0.3698,True,0.0446,True,,sept1scan
664,0.5531,True,0.0759,True,,sept1scan
665,0.5785,True,0.1142,True,,sept1scan
666,0.5137,True,0.0638,True,,sept1scan
667,0.43,True,0.0469,True,,sept1scan
668,0.398,True,0.0588,True,,sept1scan
669,0.4982,True,0.0611,True,,sept1scan
670,0.5585,True,0.0987,True,,sept1scan
671,0.5908,True,0.1046,True,,sept1scan
672,0.439,True,0.0845,True,,sept1scan
673,0.574,True,0.0966,True,,sept1scan
674,0.483,True,0.0511,True,,sept1scan
675,0.4894,True,0.1079,True,,sept1scan
676,0.5167,True,0.1111,True,,sept1scan
677,0.4503,True,0.1026,True,,sept1scan
678,0.5541,True,0.0808,True,,sept1scan
679,0.3651,True,0.0664,True,0.0201,july2scan
680,0.5342,True,0.0759,True,,sept1scan
681,0.3167,True,0.0085,True,,sept1scan
682,0.4458,True,0.0871,True,,sept1scan
683,0.5519,True,0.0568,True,,sept1scan
684,0.5799,True,0.086,True,,sept1scan
685,0.4811,True,,False,,sept1scan
686,0.4465,True,,False,,sept1scan
687,0.5301,True,0.0656,True,,sept1scan
688,0.527,True,0.0654,True,,sept1scan
689,0.3748,True,0.0308,True,,sept1scan
690,0.4949,True,0.0624,True,,sept1scan
691,0.4659,True,0.058,True,,sept1scan
692,0.5268,True,0.084,True,,sept1scan
693,0.4531,True,,False,,sept1scan
694,0.5437,True,,False,,sept1scan
695,0.4226,True,0.0245,True,,sept1scan
696,0.4519,True,0.0567,True,,sept1scan
697,0.4337,True,,False,,sept1scan
698,0.4228,True,0.0683,True,,sept1scan
699,0.4555,True,0.0497,True,,sept1scan
700,0.5179,True,0.0864,True,,sept1scan
701,0.4356,True,0.0563,True,,sept1scan
702,0.4338,True,0.0665,True,,sept1scan
703,0.484,True,,False,,sept1scan
704,0.5498,True,,False,0.013,july2scan
705,0.4398,True,0.0446,True,,sept1scan
706,0.3653,True,0.0272,True,,sept1scan
707,0.4263,True,0.0719,True,,sept1scan
708,0.5509,True,0.0783,True,,sept1scan
709,0.5406,True,0.0868,True,,sept1scan
710,0.456,True,0.0746,True,,sept1scan
711,0.5434,True,0.0707,True,,sept1scan
712,0.3494,True,0.1232,True,0.037,july2scan
713,0.5322,True,0.1117,True,,sept1scan
714,0.475,True,0.0771,True,,sept1scan
715,0.5801,True,0.09,True,,sept1scan
716,0.411,True,0.0598,True,,sept1scan
717,0.5541,True,0.0836,True,,sept1scan
718,0.4242,True,0.0447,True,,sept1scan
719,0.5888,True,0.085,True,,sept1scan
720,0.4631,True,,False,0.0786,july2scan
721,0.5762,True,0.1055,True,,sept1scan
722,0.2839,True,,False,,sept1scan
723,0.586,True,0.0912,True,,sept1scan
724,0.4439,True,0.0589,True,,sept1scan
725,0.5777,True,0.1061,True,,sept1scan
726,0.5532,True,0.119,True,,sept1scan
727,0.4851,True,0.0742,True,,sept1scan
728,0.6131,True,0.1132,True,,sept1scan
729,0.6294,True,0.0863,True,,sept1scan
730,0.6351,True,0.1313,True,,sept1scan
731,0.5466,True,0.0719,True,,sept1scan
732,0.4459,True,0.0638,True,,sept1scan
733,0.6008,True,0.0951,True,,sept1scan
734,0.4932,True,0.058,True,,sept1scan
735,0.6879,True,0.1229,True,,sept1scan
736,0.621,True,0.1685,True,,sept1scan
737,0.5483,True,0.0834,True,,sept1scan
738,0.4864,False,,False,,none
739,0.3168,True,,False,0.0489,july2scan
740,0.4134,True,0.0542,True,,sept1scan
741,0.4444,True,0.0764,True,,sept1scan
742,0.5838,True,0.1086,True,,sept1scan
743,0.4477,True,0.0822,True,,sept1scan
744,0.43,True,,False,,sept1scan
745,0.5802,True,0.0833,True,,sept1scan
746,0.5278,True,0.078,True,,sept1scan
747,0.4378,True,,False,0.0205,july2scan
748,0.5058,True,0.0667,True,,sept1scan
749,0.4893,True,0.0753,True,,sept1scan
750,0.5352,True,0.0848,True,,sept1scan
751,0.6164,True,0.093,True,,sept1scan
752,0.5441,True,0.0726,True,,sept1scan
753,0.4453,True,0.0636,True,,sept1scan
754,0.4864,False,,False,,none
755,0.482,True,0.0766,True,,sept1scan
756,0.5102,True,,False,,sept1scan
757,0.3719,True,0.0214,True,,sept1scan
758,0.4734,True,0.069,True,,sept1scan
759,0.4616,True,0.0826,True,,sept1scan
760,0.4098,True,0.1187,True,0.0038,july2scan
761,0.5604,True,0.095,True,,sept1scan
762,0.3519,True,0.0389,True,,sept1scan
763,0.4187,True,0.0456,True,,sept1scan
764,0.4769,True,0.0641,True,,sept1scan
765,0.486,True,0.0971,True,,sept1scan
766,0.4361,True,0.0766,True,0.0008,july2scan
767,0.5047,True,0.0609,True,,sept1scan
768,0.4207,True,0.0509,True,,sept1scan
769,0.5767,True,0.0831,True,,sept1scan
770,0.5536,True,0.0972,True,,sept1scan
771,0.3272,True,-0.0057,True,,sept1scan
772,0.4546,True,0.061,True,,sept1scan
773,0.5172,True,0.0918,True,,sept1scan
774,0.567,True,0.1032,True,,sept1scan
775,0.4568,True,0.0511,True,,sept1scan
776,0.4523,True,0.0772,True,,sept1scan
777,0.5666,True,0.0929,True,,sept1scan
778,0.2441,True,0.032,True,,sept1scan
779,0.634,True,0.1278,True,,sept1scan
780,0.5039,True,0.0563,True,,sept1scan
781,0.4093,True,0.0748,True,,sept1scan
782,0.5195,True,0.0869,True,,sept1scan
783,0.4125,True,0.0856,True,,sept1scan
784,0.3982,True,0.0673,True,,sept1scan
785,0.5328,True,0.0752,True,,sept1scan
786,0.4594,True,0.0649,True,,sept1scan
787,0.514,True,0.0541,True,,sept1scan
788,0.4304,True,0.0629,True,,sept1scan
789,0.33,True,,False,,sept1scan
790,0.2744,True,0.0551,True,0.0518,july2scan
791,0.4667,True,0.0845,True,,sept1scan
792,0.527,True,0.0655,True,,sept1scan
793,0.5455,True,0.0756,True,,sept1scan
794,0.5964,True,0.1319,True,,sept1scan
795,0.5157,True,0.064,True,,sept1scan
796,0.6185,True,0.1002,True,0.0238,july2scan
797,0.4758,True,0.038,True,,sept1scan
798,0.5549,True,0.084,True,,sept1scan
799,0.4864,False,,False,,none
800,0.4163,True,0.0632,True,,sept1scan
801,0.4731,True,0.0763,True,,sept1scan
802,0.5563,True,0.0831,True,,sept1scan
803,0.4735,True,0.0884,True,,sept1scan
804,0.3832,True,0.0352,True,,sept1scan
805,0.3711,True,0.0418,True,,sept1scan
806,0.563,True,0.0698,True,,sept1scan
807,0.4832,True,0.0873,True,,sept1scan
808,0.4797,True,0.0922,True,,sept1scan
809,0.5481,True,0.0702,True,,sept1scan
810,0.6173,True,0.1195,True,,sept1scan
811,0.6014,True,0.1356,True,0.0461,july2scan
812,0.6112,True,0.1325,True,,sept1scan
813,0.296,True,-0.0202,True,,sept1scan
814,0.3659,True,,False,,sept1scan
815,0.5839,True,0.1206,True,,sept1scan
816,0.6528,True,0.1784,True,,sept1scan
817,0.511,True,0.0778,True,,sept1scan
818,0.5589,True,0.0991,True,,sept1scan
819,0.5042,True,0.1283,True,0.0159,july2scan
820,0.469,True,0.0915,True,0.0119,july2scan
821,0.4864,False,,False,,none
822,0.4949,True,0.0597,True,,sept1scan
823,0.4897,True,0.0835,True,,sept1scan
824,0.6099,True,,False,0.0143,july2scan
825,0.4611,True,0.068,True,,sept1scan
826,0.4484,True,0.0897,True,,sept1scan
827,0.5574,True,0.0846,True,,sept1scan
828,0.556,True,0.0926,True,,sept1scan
829,0.4864,False,,False,,none
830,0.4433,True,0.087,True,,sept1scan
831,0.6286,True,0.1323,True,,sept1scan
832,0.4528,True,,False,,sept1scan
833,0.5188,True,0.0877,True,,sept1scan
834,0.4978,True,0.0599,True,,sept1scan
835,0.4233,True,,False,,sept1scan
836,0.4587,True,0.0388,True,,sept1scan
837,0.3999,True,0.0444,True,,sept1scan
838,0.4737,True,0.0526,True,,sept1scan
839,0.4807,True,0.051,True,,sept1scan
840,0.4097,True,0.0508,True,,sept1scan
841,0.5255,True,0.0765,True,,sept1scan
842,0.3539,True,0.016,True,,sept1scan
843,0.4864,False,,False,,none
844,0.3966,True,0.0401,True,,sept1scan
845,0.239,True,0.0392,True,0.0122,july2scan
846,0.5652,True,0.0975,True,,sept1scan
847,0.3739,True,0.0315,True,,sept1scan
848,0.4038,True,,False,,sept1scan
849,0.4097,True,0.0508,True,,sept1scan
850,0.502,True,0.0468,True,,sept1scan
851,0.3773,True,0.0374,True,,sept1scan
852,0.4582,True,0.0596,True,,sept1scan
853,0.4864,False,,False,,none
854,0.4897,True,0.0601,True,,sept1scan
855,0.4493,True,0.0657,True,,sept1scan
856,0.5181,True,0.065,True,,sept1scan
857,0.3648,True,0.0272,True,,sept1scan
858,0.6185,True,0.1151,True,,sept1scan
859,0.3616,True,0.0589,True,,sept1scan
860,0.4343,True,0.0525,True,,sept1scan
861,0.5198,True,0.0852,True,,sept1scan
862,0.6063,True,0.0841,True,,sept1scan
863,0.6148,True,,False,,sept1scan
864,0.4967,True,0.0424,True,,sept1scan
865,0.5237,True,0.0668,True,,sept1scan
866,0.409,True,0.0642,True,,sept1scan
867,0.4058,True,0.0894,True,,sept1scan
868,0.4697,True,0.1162,True,,sept1scan
869,0.5375,True,0.0845,True,,sept1scan
870,0.4986,True,0.1629,True,0.0147,july2scan
871,0.5628,True,0.079,True,,sept1scan
872,0.5642,True,0.09,True,,sept1scan
873,0.5293,True,0.075,True,,sept1scan
874,0.5582,True,,False,0.0778,july2scan
875,0.4793,True,0.0783,True,,sept1scan
876,0.498,True,0.0709,True,,sept1scan
877,0.3983,True,0.09,True,,sept1scan
878,0.5026,True,,False,,sept1scan
879,0.4257,True,0.0789,True,,sept1scan
880,0.4085,True,0.0633,True,,sept1scan
881,0.634,True,,False,0.0149,july2scan
882,0.5318,True,0.0832,True,,sept1scan
883,0.5723,True,0.1001,True,,sept1scan
884,0.3487,True,0.0674,True,0.0113,july2scan
885,0.3869,True,0.0342,True,,sept1scan
886,0.5088,True,0.0637,True,,sept1scan
887,0.4517,True,0.0793,True,0.0026,july2scan
888,0.4443,True,0.0803,True,,sept1scan
889,0.4784,True,,False,,sept1scan
890,0.5463,True,0.0851,True,,sept1scan
891,0.5411,True,0.0745,True,,sept1scan
892,0.4358,True,0.0646,True,,sept1scan
893,0.4532,True,,False,,sept1scan
894,0.3856,True,0.0605,True,,sept1scan
895,0.4065,True,,False,,sept1scan
896,0.5055,True,0.0687,True,,sept1scan
897,0.3348,True,0.0232,True,,sept1scan
898,0.4511,True,,False,,sept1scan
899,0.468,True,0.0718,True,,sept1scan
900,0.4236,True,,False,,sept1scan
901,0.4967,True,0.0675,True,,sept1scan
902,0.4353,True,0.0713,True,,sept1scan
903,0.4692,True,0.0638,True,,sept1scan
904,0.3926,True,0.0465,True,,sept1scan
905,0.5674,True,0.0885,True,,sept1scan
906,0.3625,True,0.0307,True,,sept1scan
907,0.2746,True,-0.0355,True,,sept1scan
908,0.3778,True,0.035,True,,sept1scan
909,0.4492,True,0.067,True,,sept1scan
910,0.3364,True,0.0135,True,,sept1scan
911,0.5099,True,0.073,True,,sept1scan
912,0.4759,True,0.0815,True,,sept1scan
913,0.4747,True,0.0777,True,,sept1scan
914,0.5319,True,0.0604,True,,sept1scan
915,0.4212,True,0.0697,True,,sept1scan
916,0.4632,True,0.0819,True,,sept1scan
917,0.4925,True,0.0913,True,,sept1scan
918,0.5311,True,,False,0.0268,july2scan
919,0.4664,True,0.077,True,,sept1scan
920,0.5544,True,0.0853,True,,sept1scan
921,0.774,True,0.2019,True,0.0014,july2scan
922,0.3557,True,0.0617,True,,sept1scan
923,0.5767,True,0.0871,True,,sept1scan
924,0.4838,True,0.0973,True,,sept1scan
925,0.6072,True,0.1072,True,,sept1scan
926,0.3093,True,0.1139,True,0.0128,july2scan
927,0.5696,True,0.1077,True,,sept1scan
928,0.4633,True,0.0768,True,,sept1scan
929,0.5714,True,0.0999,True,,sept1scan
930,0.3349,True,0.0543,True,,sept1scan
931,0.5115,True,0.068,True,,sept1scan
932,0.3665,True,0.0359,True,,sept1scan
933,0.5145,True,0.0815,True,,sept1scan
934,0.4499,True,0.0813,True,,sept1scan
935,0.4484,True,0.0735,True,,sept1scan
936,0.481,True,0.0735,True,,sept1scan
937,0.4869,True,0.0824,True,,sept1scan
938,0.5325,True,0.0858,True,,sept1scan
939,0.3807,True,0.0544,True,,sept1scan
940,0.5567,True,0.0828,True,,sept1scan
941,0.5991,True,0.114,True,,sept1scan
942,0.5625,True,0.0833,True,,sept1scan
943,0.645,True,0.1639,True,0.0037,july2scan
944,0.4159,True,0.057,True,0.0043,july2scan
945,0.5337,True,0.0767,True,,sept1scan
946,0.4645,True,0.0646,True,,sept1scan
947,0.4846,True,0.0403,True,,sept1scan
948,0.493,True,0.0767,True,,sept1scan
949,0.4864,False,,False,,none
950,0.5435,True,0.0698,True,,sept1scan
951,0.5517,True,0.0869,True,,sept1scan
952,0.3952,True,0.0448,True,,sept1scan
953,0.3899,True,0.0519,True,,sept1scan
954,0.408,True,0.0615,True,,sept1scan
955,0.4324,True,0.0712,True,,sept1scan
956,0.5363,True,,False,,sept1scan
957,0.4213,True,,False,,sept1scan
958,0.4349,True,,False,,sept1scan
959,0.5395,True,0.0575,True,,sept1scan
960,0.4361,True,,False,,sept1scan
961,0.4956,True,,False,,sept1scan
962,0.3977,True,,False,,sept1scan
963,0.4369,True,0.0666,True,,sept1scan
964,0.4846,True,0.0638,True,,sept1scan
965,0.3194,True,0.0277,True,,sept1scan
966,0.3538,True,0.0179,True,,sept1scan
967,0.3615,True,0.0585,True,,sept1scan
968,0.4384,True,,False,,sept1scan
969,0.3734,True,,False,,sept1scan
970,0.4735,True,0.075,True,,sept1scan
971,0.5958,True,0.0917,True,,sept1scan
972,0.5276,True,0.0715,True,,sept1scan
973,0.6149,True,0.0966,True,,sept1scan
974,0.4435,True,0.0699,True,,sept1scan
975,0.4469,True,0.0889,True,,sept1scan
976,0.5949,True,0.0925,True,,sept1scan
977,0.4526,True,0.0778,True,,sept1scan
978,0.4525,True,0.0483,True,,sept1scan
979,0.5068,True,0.0889,True,,sept1scan
980,0.5441,True,0.0841,True,,sept1scan
981,0.529,True,0.0993,True,,sept1scan
982,0.6554,True,0.0842,True,,sept1scan
983,0.5893,True,0.093,True,,sept1scan
984,0.4257,True,0.0775,True,,sept1scan
985,0.5639,True,0.08,True,,sept1scan
986,0.5382,True,0.0812,True,,sept1scan
987,0.5223,True,0.0738,True,,sept1scan
988,0.4675,True,0.0593,True,,sept1scan
989,0.6027,True,0.105,True,,sept1scan
990,0.4855,True,0.045,True,,sept1scan
991,0.535,True,0.0747,True,,sept1scan
992,0.4029,True,0.0257,True,,sept1scan
993,0.4845,True,0.086,True,,sept1scan
994,0.581,True,0.1063,True,,sept1scan
995,0.2481,True,-0.0119,True,0.0205,july2scan
996,0.4904,True,0.1647,True,0.0219,july2scan
997,0.5555,True,0.1184,True,,sept1scan
998,0.5826,True,0.0676,True,,sept1scan
999,0.3188,True,0.0169,True,,sept1scan
1000,0.5136,True,0.0636,True,,sept1scan
1001,0.4712,True,0.0465,True,,sept1scan
1002,0.5351,True,0.0823,True,,sept1scan
1003,0.4567,True,0.0508,True,,sept1scan
1004,0.4117,True,0.0705,True,,sept1scan
1005,0.4832,True,,False,,sept1scan
1006,0.5717,True,0.0888,True,,sept1scan
1007,0.4113,True,0.0473,True,,sept1scan
1008,0.5062,True,0.0833,True,,sept1scan
1009,0.4012,True,,False,,sept1scan
1010,0.3246,True,0.001,True,,sept1scan
1011,0.5513,True,0.1149,True,,sept1scan
1012,0.3611,True,,False,,sept1scan
1013,0.5258,True,,False,,sept1scan
1014,0.4166,True,,False,,sept1scan
1015,0.4921,True,0.0692,True,,sept1scan
1016,0.2897,True,,False,,sept1scan
1017,0.4267,True,,False,,sept1scan
1018,0.4864,False,,False,,none
1019,0.419,True,,False,,sept1scan
1020,0.4679,True,,False,,sept1scan
1021,0.5248,True,,False,,sept1scan
1022,0.5118,True,0.0738,True,,sept1scan
1023,0.533,True,0.0787,True,,sept1scan
1024,0.5188,True,0.0735,True,,sept1scan
1025,0.417,True,,False,,sept1scan
1026,0.4694,True,0.0697,True,,sept1scan
1027,0.6045,True,0.1042,True,,sept1scan
1028,0.5876,True,0.0902,True,,sept1scan
1029,0.5518,True,0.0787,True,,sept1scan
1030,0.3908,True,0.0459,True,,sept1scan
1031,0.5265,True,0.0694,True,,sept1scan
1032,0.4864,False,,False,,none
1033,0.4588,True,0.0667,True,,sept1scan
1034,0.5079,True,0.0938,True,,sept1scan
1035,0.4466,True,0.0717,True,,sept1scan
1036,0.4355,True,0.0764,True,,sept1scan
1037,0.3127,True,0.0095,True,,sept1scan
1038,0.5747,True,0.1078,True,,sept1scan
1039,0.6233,True,0.1114,True,,sept1scan
1040,0.387,True,0.0503,True,,sept1scan
1041,0.4864,False,,False,,none
1042,0.4433,True,0.0802,True,,sept1scan
1043,0.4623,True,0.0686,True,,sept1scan
1044,0.4876,True,0.0791,True,,sept1scan
1045,0.5256,True,0.0816,True,,sept1scan
1046,0.631,True,0.117,True,,sept1scan
1047,0.6018,True,0.1254,True,,sept1scan
1048,0.5382,True,0.0701,True,,sept1scan
1049,0.5753,True,0.1059,True,,sept1scan
1050,0.553,True,0.0956,True,,sept1scan
1051,0.4027,True,0.0656,True,,sept1scan
1052,0.4365,True,0.0646,True,,sept1scan
1053,0.5088,True,0.0778,True,,sept1scan
1054,0.5779,True,0.1186,True,,sept1scan
1055,0.4456,True,0.0739,True,,sept1scan
1056,0.5335,True,0.0971,True,,sept1scan
1057,0.429,True,0.0593,True,,sept1scan
1058,0.5352,True,0.0932,True,,sept1scan
1059,0.4501,True,0.055,True,,sept1scan
1060,0.4265,True,0.0625,True,,sept1scan
1061,0.4954,True,0.0874,True,,sept1scan
1062,0.3394,True,0.0073,True,,sept1scan
1063,0.433,True,,False,0.0028,july2scan
1064,0.558,True,0.0745,True,,sept1scan
1065,0.5711,True,0.0954,True,,sept1scan
1066,0.5812,True,0.0991,True,,sept1scan
1067,0.5348,True,0.0822,True,,sept1scan
1068,0.486,True,0.0547,True,,sept1scan
1069,0.4775,True,0.0629,True,,sept1scan
1070,0.4226,True,0.0226,True,,sept1scan
1071,0.5145,True,,False,0.0099,july2scan
1072,0.4547,True,0.0395,True,,sept1scan
1073,0.3552,True,,False,,sept1scan
1074,0.5357,True,,False,,sept1scan
1075,0.5255,True,0.0905,True,,sept1scan
1076,0.3973,True,0.0456,True,,sept1scan
1077,0.3706,True,,False,,sept1scan
1078,0.4864,False,,False,,none
1079,0.5329,True,,False,0.0295,july2scan
1080,0.3637,True,,False,,sept1scan
1081,0.4757,True,0.0641,True,,sept1scan
1082,0.4947,True,0.063,True,,sept1scan
1083,0.4111,True,0.0398,True,,sept1scan
1084,0.5139,True,0.0785,True,,sept1scan
1085,0.3162,True,0.027,True,,sept1scan
1086,0.4066,True,0.0685,True,,sept1scan
1087,0.382,True,,False,,sept1scan
1088,0.5736,True,0.0845,True,,sept1scan
1089,0.5331,True,0.0604,True,,sept1scan
1090,0.5706,True,0.0845,True,,sept1scan
1091,0.5143,True,0.0538,True,,sept1scan
1092,0.4719,True,0.0928,True,,sept1scan
1093,0.453,True,0.0905,True,,sept1scan
1094,0.5468,True,0.0647,True,,sept1scan
1095,0.3565,True,0.0397,True,,sept1scan
1096,0.435,True,0.0738,True,,sept1scan
1097,0.533,True,0.0915,True,,sept1scan
1098,0.4144,True,0.0941,True,,sept1scan
1099,0.4036,True,0.0626,True,,sept1scan
1100,0.5399,True,0.0881,True,,sept1scan
1101,0.3461,True,,False,,sept1scan
1102,0.4816,True,0.1061,True,,sept1scan
1103,0.5268,True,0.0674,True,,sept1scan
1104,0.5397,True,0.0853,True,,sept1scan
1105,0.4326,True,0.0808,True,,sept1scan
1106,0.5166,True,0.0602,True,,sept1scan
1107,0.4335,True,,False,,sept1scan
1108,0.3089,True,,False,,sept1scan
1109,0.5488,True,0.0827,True,,sept1scan
1110,0.521,True,0.1026,True,,sept1scan
1111,0.5155,True,0.063,True,,sept1scan
1112,0.5807,True,0.1226,True,,sept1scan
1113,0.4864,False,,False,,none
1114,0.4443,True,0.0797,True,,sept1scan
1115,0.4173,True,0.0617,True,,sept1scan
1116,0.4829,True,0.0761,True,,sept1scan
1117,0.4846,True,,False,,sept1scan
1118,0.5126,True,0.0609,True,,sept1scan
1119,0.4286,True,0.0715,True,,sept1scan
1120,0.5633,True,,False,,sept1scan
1121,0.4087,True,0.0742,True,,sept1scan
1122,0.4199,True,0.059,True,,sept1scan
1123,0.4928,True,0.0452,True,,sept1scan
1124,0.3955,True,,False,,sept1scan
1125,0.482,True,0.0749,True,,sept1scan
1126,0.6291,True,,False,0.0177,july2scan
1127,0.407,True,0.0362,True,,sept1scan
1128,0.4532,True,0.0624,True,,sept1scan
1129,0.4255,True,0.032,True,,sept1scan
1130,0.4522,True,,False,,sept1scan
1131,0.3147,True,0.0046,True,,sept1scan
1132,0.5857,True,,False,,sept1scan
1133,0.4317,True,0.0371,True,,sept1scan
1134,0.5185,True,,False,,sept1scan
1135,0.44,True,0.0523,True,,sept1scan
1136,0.4829,True,,False,,sept1scan
1137,0.4864,False,,False,,none
1138,0.3934,True,0.0383,True,,sept1scan
1139,0.4338,True,,False,,sept1scan
1140,0.352,True,0.0204,True,,sept1scan
1141,0.566,True,0.0727,True,,sept1scan
1142,0.4211,True,0.0638,True,,sept1scan
1143,0.5411,True,0.0471,True,,sept1scan
1144,0.5252,True,0.0525,True,,sept1scan
1145,0.6534,True,0.1014,True,,sept1scan
1146,0.5035,True,0.0515,True,,sept1scan
1147,0.5533,True,0.074,True,,sept1scan
1148,0.481,True,0.0572,True,,sept1scan
1149,0.4124,True,0.0575,True,,sept1scan
1150,0.4864,False,,False,,none
1151,0.5498,True,0.0693,True,,sept1scan
1152,0.5452,True,0.0728,True,,sept1scan
1153,0.6362,True,0.0898,True,,sept1scan
1154,0.5016,True,0.0898,True,,sept1scan
1155,0.3985,True,0.0342,True,,sept1scan
1156,0.4413,True,0.0813,True,,sept1scan
1157,0.5755,True,0.0833,True,,sept1scan
1158,0.501,True,0.0622,True,,sept1scan
1159,0.5619,True,0.0785,True,,sept1scan
1160,0.6662,True,0.0927,True,,sept1scan
1161,0.4198,True,0.0578,True,,sept1scan
1162,0.5047,True,0.0758,True,,sept1scan
1163,0.3681,True,0.0374,True,,sept1scan
1164,0.5781,True,0.076,True,,sept1scan
1165,0.4643,True,,False,,sept1scan
1166,0.3065,True,0.0072,True,,sept1scan
1167,0.5103,True,0.0786,True,,sept1scan
1168,0.3098,True,0.0345,True,,sept1scan
1169,0.4515,True,0.0818,True,,sept1scan
1170,0.4491,True,0.0749,True,,sept1scan
1171,0.5562,True,0.0888,True,,sept1scan
1172,0.3964,True,0.0464,True,,sept1scan
1173,0.4864,False,,False,,none
1174,0.4384,True,0.0643,True,,sept1scan
1175,0.4687,True,0.0853,True,,sept1scan
1176,0.4097,True,0.0536,True,,sept1scan
1177,0.4447,True,0.0587,True,,sept1scan
1178,0.4226,True,0.0541,True,,sept1scan
1179,0.3753,True,0.0294,True,,sept1scan
1180,0.4439,True,,False,,sept1scan
1181,0.5386,True,,False,0.0291,july2scan
1182,0.42,True,0.0577,True,,sept1scan
1183,0.4856,True,,False,,sept1scan
1184,0.3848,True,0.0421,True,,sept1scan
1185,0.4551,True,0.0422,True,,sept1scan
1186,0.4666,True,0.094,True,,sept1scan
1187,0.4957,True,0.0665,True,,sept1scan
1188,0.5672,True,,False,,sept1scan
1189,0.4428,True,,False,,sept1scan
1190,0.434,True,,False,,sept1scan
1191,0.305,True,,False,,sept1scan
1192,0.3195,True,,False,,sept1scan
1193,0.4896,True,0.0618,True,,sept1scan
1194,0.4541,True,0.0626,True,,sept1scan
1195,0.4158,True,0.0536,True,,sept1scan
1196,0.3974,True,,False,,sept1scan
1197,0.3273,True,0.0724,True,0.0271,july2scan
1198,0.5047,True,,False,,sept1scan
1199,0.5202,True,0.0537,True,,sept1scan
1200,0.4864,False,,False,,none
1201,0.496,True,0.1378,True,0.0058,july2scan
1202,0.3536,True,0.067,True,,sept1scan
1203,0.3062,True,0.0293,True,,sept1scan
1204,0.6027,True,0.1126,True,,sept1scan
1205,0.5159,True,0.0511,True,,sept1scan
1206,0.4855,True,0.0541,True,,sept1scan
1207,0.5541,True,0.0682,True,,sept1scan
1208,0.4864,False,,False,,none
1209,0.5083,True,0.0859,True,,sept1scan
1210,0.4864,False,,False,,none
1211,0.2988,True,-0.012,True,,sept1scan
1212,0.5486,True,0.0923,True,,sept1scan
1213,0.3529,True,0.0365,True,,sept1scan
1214,0.4001,True,0.071,True,,sept1scan
1215,0.5095,True,0.0821,True,,sept1scan
1216,0.3734,True,,False,,sept1scan
1217,0.543,True,0.0854,True,,sept1scan
1218,0.5237,True,0.0554,True,,sept1scan
1219,0.5436,True,0.0791,True,,sept1scan
1220,0.671,True,,False,0.0135,july2scan
1221,0.3722,True,0.0549,True,,sept1scan
1222,0.2971,True,0.0259,True,,sept1scan
1223,0.5378,True,0.0727,True,,sept1scan
1224,0.2999,True,-0.0237,True,,sept1scan
1225,0.4613,True,0.0353,True,,sept1scan
1226,0.4262,True,,False,,sept1scan
1227,0.4814,True,0.0605,True,,sept1scan
1228,0.5133,True,0.1161,True,0.0063,july2scan
1229,0.3558,True,0.0422,True,0.0027,july2scan
1230,0.5377,True,0.0895,True,,sept1scan
1231,0.5006,True,0.0642,True,,sept1scan
1232,0.5632,True,0.0907,True,,sept1scan
1233,0.3202,True,,False,,sept1scan
1234,0.3796,True,0.0311,True,,sept1scan
1235,0.5094,True,0.0593,True,,sept1scan
1236,0.4896,True,0.0497,True,,sept1scan
1237,0.5399,True,0.0893,True,,sept1scan
1238,0.4879,True,0.0578,True,,sept1scan
1239,0.4762,True,0.0585,True,,sept1scan
1240,0.5592,True,0.073,True,,sept1scan
1241,0.5421,True,0.0662,True,,sept1scan
1242,0.505,True,,False,,sept1scan
1243,0.3536,True,0.0194,True,,sept1scan
1244,0.4959,True,0.0667,True,,sept1scan
1245,0.3399,True,0.0206,True,,sept1scan
1246,0.2373,True,-0.0097,True,,sept1scan
1247,0.4461,True,,False,,sept1scan
1248,0.4387,True,,False,,sept1scan
1249,0.4653,True,,False,,sept1scan
1250,0.3362,True,0.0125,True,,sept1scan
1251,0.4458,True,0.0874,True,,sept1scan
1252,0.2757,True,-0.0167,True,,sept1scan
1253,0.4238,True,,False,,sept1scan
1254,0.4864,False,,False,,none
1255,0.4446,True,0.0671,True,,sept1scan
1256,0.5007,True,0.0701,True,,sept1scan
1257,0.5227,True,0.0954,True,,sept1scan
1258,0.564,True,0.0764,True,,sept1scan
1259,0.4864,False,,False,,none
1260,0.361,True,0.0627,True,,sept1scan
1261,0.4076,True,0.0688,True,,sept1scan
1262,0.4205,True,0.0623,True,,sept1scan
1263,0.5114,True,0.0945,True,,sept1scan
1264,0.4314,True,0.0714,True,,sept1scan
1265,0.4421,True,0.0771,True,,sept1scan
1266,0.2819,True,-0.0015,True,,sept1scan
1267,0.467,True,0.1072,True,0.0088,july2scan
1268,0.4046,True,0.0547,True,,sept1scan
1269,0.4513,True,0.0593,True,,sept1scan
1270,0.4293,True,0.0374,True,,sept1scan
1271,0.3935,True,0.055,True,,sept1scan
1272,0.5936,True,0.1052,True,,sept1scan
1273,0.342,True,0.0065,True,,sept1scan
1274,0.3384,True,-0.0074,True,,sept1scan
1275,0.4824,True,0.0609,True,,sept1scan
1276,0.351,True,0.051,True,,sept1scan
1277,0.4322,True,0.0716,True,,sept1scan
1278,0.4638,True,0.0544,True,,sept1scan
1279,0.5345,True,0.0814,True,,sept1scan
1280,0.4453,True,0.0657,True,,sept1scan
1281,0.4271,True,0.0589,True,,sept1scan
1282,0.4954,True,0.0647,True,,sept1scan
1283,0.5131,True,0.0682,True,,sept1scan
1284,0.432,True,,False,,sept1scan
1285,0.2547,True,0.0462,True,,sept1scan
1286,0.4303,True,0.0724,True,,sept1scan
1287,0.479,True,0.04,True,,sept1scan
1288,0.5373,True,0.0754,True,,sept1scan
1289,0.4751,True,,False,,sept1scan
1290,0.395,True,0.0377,True,,sept1scan
1291,0.542,True,0.0726,True,,sept1scan
1292,0.4476,True,,False,,sept1scan
1293,0.5161,True,0.0645,True,,sept1scan
1294,0.2724,True,,False,0.079,july2scan
1295,0.3849,True,,False,,sept1scan
1296,0.4683,True,0.0411,True,,sept1scan
1297,0.3174,True,0.0365,True,,sept1scan
1298,0.3494,True,,False,,sept1scan
1299,0.4707,True,0.0537,True,,sept1scan
1300,0.2982,True,-0.0246,True,,sept1scan
1301,0.4823,True,0.0461,True,,sept1scan
1302,0.39,True,0.0306,True,,sept1scan
1303,0.4864,False,,False,,none
1304,0.3078,True,,False,,sept1scan
1305,0.401,True,,False,,sept1scan
1306,0.4062,True,,False,,sept1scan
1307,0.3174,True,,False,,sept1scan
1308,0.5173,True,0.082,True,,sept1scan
1309,0.4424,True,0.0578,True,,sept1scan
1310,0.5299,True,,False,,sept1scan
1311,0.4506,True,0.0718,True,,sept1scan
1312,0.5471,True,0.0827,True,,sept1scan
1313,0.3738,True,,False,,sept1scan
1314,0.543,True,0.071,True,,sept1scan
1315,0.442,True,0.1244,True,0.0254,july2scan
1316,0.3717,True,,False,,sept1scan
1317,0.5888,True,0.0749,True,,sept1scan
1318,0.3669,True,0.0291,True,,sept1scan
1319,0.5779,True,0.1059,True,,sept1scan
1320,0.5278,True,0.0498,True,,sept1scan
1321,0.4359,True,0.057,True,,sept1scan
1322,0.5442,True,0.0654,True,,sept1scan
1323,0.4864,False,,False,,none
1324,0.3619,True,0.0392,True,,sept1scan
1325,0.4174,True,0.0676,True,,sept1scan
1326,0.5496,True,0.0652,True,,sept1scan
1327,0.4362,True,0.0643,True,,sept1scan
1328,0.38,True,0.0269,True,,sept1scan
1329,0.3095,True,0.0242,True,,sept1scan
1330,0.5391,True,0.08,True,,sept1scan
1331,0.4868,True,0.0692,True,,sept1scan
1332,0.4833,True,0.0857,True,,sept1scan
1333,0.3897,True,0.0494,True,,sept1scan
1334,0.4152,True,0.0652,True,,sept1scan
1335,0.3506,True,0.0207,True,,sept1scan
1336,0.5265,True,0.0652,True,,sept1scan
1337,0.486,True,0.0488,True,,sept1scan
1338,0.476,True,,False,,sept1scan
1339,0.525,True,0.0678,True,,sept1scan
1340,0.4177,True,0.0443,True,,sept1scan
1341,0.5108,True,0.0676,True,,sept1scan
1342,0.5011,True,0.0643,True,,sept1scan
1343,0.4509,True,0.0799,True,,sept1scan
1344,0.4515,True,0.0489,True,,sept1scan
1345,0.4129,True,0.0438,True,,sept1scan
1346,0.5024,True,0.0534,True,,sept1scan
1347,0.3554,True,,False,,sept1scan
1348,0.4461,True,0.0336,True,,sept1scan
1349,0.4413,True,,False,,sept1scan
1350,0.4466,True,0.0508,True,,sept1scan
1351,0.5388,True,,False,,sept1scan
1352,0.4283,True,0.0633,True,,sept1scan
1353,0.489,True,0.059,True,,sept1scan
1354,0.2496,True,,False,,sept1scan
1355,0.4157,True,0.0545,True,,sept1scan
1356,0.4907,True,0.0703,True,,sept1scan
1357,0.4232,True,,False,,sept1scan
1358,0.4243,True,0.0643,True,,sept1scan
1359,0.4064,True,,False,,sept1scan
1360,0.2865,True,-0.023,True,,sept1scan
1361,0.5343,True,0.0883,True,,sept1scan
1362,0.3713,True,0.0368,True,,sept1scan
1363,0.5255,True,0.0619,True,,sept1scan
1364,0.411,True,0.0602,True,,sept1scan
1365,0.3651,True,,False,,sept1scan
1366,0.4442,True,,False,,sept1scan
1367,0.5019,True,0.0708,True,,sept1scan
1368,0.4939,True,0.0466,True,,sept1scan
1369,0.4871,True,0.0262,True,,sept1scan
1370,0.6088,True,0.0854,True,,sept1scan
1371,0.3805,True,0.0416,True,,sept1scan
1372,0.4585,True,0.0458,True,,sept1scan
1373,0.4943,True,0.0454,True,,sept1scan
1374,0.3281,True,0.0082,True,,sept1scan
1375,0.5583,True,0.0728,True,,sept1scan
1376,0.495,True,0.0593,True,,sept1scan
1377,0.4414,True,0.0832,True,,sept1scan
1378,0.3426,True,0.0855,True,0.0192,july2scan
1379,0.4325,True,0.0749,True,,sept1scan
1380,0.451,True,0.0809,True,,sept1scan
1381,0.3495,True,0.0171,True,,sept1scan
1382,0.5002,True,0.0507,True,,sept1scan
1383,0.4308,True,0.056,True,,sept1scan
1384,0.5123,True,0.0918,True,,sept1scan
1385,0.5583,True,0.0695,True,,sept1scan
1386,0.4826,True,0.0659,True,,sept1scan
1387,0.5345,True,0.0383,True,,sept1scan
1388,0.5952,True,0.1046,True,,sept1scan
1389,0.5343,True,0.0446,True,,sept1scan
1390,0.4083,True,0.0911,True,,sept1scan
1391,0.5631,True,0.0686,True,,sept1scan
1392,0.5692,True,0.0928,True,,sept1scan
1393,0.4074,True,,False,,sept1scan
1394,0.5024,True,,False,,sept1scan
1395,0.4539,True,0.0623,True,,sept1scan
1396,0.5094,True,,False,,sept1scan
1397,0.4291,True,0.0642,True,,sept1scan
1398,0.5358,True,0.0633,True,,sept1scan
1399,0.4452,True,0.0493,True,,sept1scan
1400,0.5275,True,0.0748,True,,sept1scan
1401,0.5033,True,0.0417,True,,sept1scan
1402,0.4864,False,,False,,none
1403,0.4402,True,0.042,True,,sept1scan
1404,0.3208,True,,False,,sept1scan
1405,0.472,True,0.0577,True,,sept1scan
1406,0.3897,True,,False,,sept1scan
1407,0.4336,True,0.0676,True,,sept1scan
1408,0.4153,True,,False,,sept1scan
1409,0.3768,True,0.0408,True,,sept1scan
1410,0.4991,True,0.0482,True,,sept1scan
1411,0.3488,True,-0.0035,True,,sept1scan
1412,0.4773,True,,False,,sept1scan
1413,0.5123,True,0.069,True,,sept1scan
1414,0.4656,True,,False,,sept1scan
1415,0.4571,True,0.0709,True,,sept1scan
1416,0.5017,True,0.0506,True,,sept1scan
1417,0.456,True,,False,,sept1scan
1418,0.4414,True,0.0472,True,,sept1scan
1419,0.5307,True,0.0664,True,,sept1scan
1420,0.4349,True,,False,,sept1scan
1421,0.4269,True,0.0478,True,,sept1scan
1422,0.3718,True,0.0379,True,,sept1scan
1423,0.36,True,,False,,sept1scan
1424,0.5452,True,0.0891,True,,sept1scan
1425,0.5373,True,,False,,sept1scan
1426,0.4825,True,0.0862,True,,sept1scan
1427,0.4546,True,0.0641,True,,sept1scan
1428,0.6157,True,,False,,sept1scan
1429,0.4654,True,0.0795,True,,sept1scan
1430,0.4524,True,0.0712,True,,sept1scan
1431,0.4822,True,0.0597,True,,sept1scan
1432,0.3995,True,0.0645,True,,sept1scan
1433,0.4469,True,0.0443,True,,sept1scan
1434,0.4646,True,0.0656,True,,sept1scan
1435,0.3538,True,,False,,sept1scan
1436,0.3933,True,0.0567,True,,sept1scan
1437,0.5305,True,0.0672,True,,sept1scan
1438,0.4364,True,0.0817,True,,sept1scan
1439,0.5195,True,0.0634,True,,sept1scan
1440,0.4309,True,0.0631,True,,sept1scan
1441,0.4718,True,0.0585,True,,sept1scan
1442,0.5264,True,0.0698,True,,sept1scan
1443,0.4585,True,0.0595,True,,sept1scan
1444,0.3553,True,0.0247,True,,sept1scan
1445,0.5194,True,0.0802,True,,sept1scan
1446,0.5025,True,0.0739,True,,sept1scan
1447,0.3217,True,0.0205,True,,sept1scan
1448,0.5101,True,0.0482,True,,sept1scan
1449,0.3397,True,,False,,sept1scan
1450,0.341,True,,False,,sept1scan
1451,0.3786,True,0.0406,True,,sept1scan
1452,0.3635,True,,False,,sept1scan
1453,0.5001,True,0.0486,True,,sept1scan
1454,0.3643,True,0.0135,True,,sept1scan
1455,0.3896,True,,False,,sept1scan
1456,0.5346,True,,False,,sept1scan
1457,0.4281,True,0.0504,True,,sept1scan
1458,0.383,True,0.0234,True,,sept1scan
1459,0.4765,True,,False,,sept1scan
1460,0.4864,False,,False,,none
1461,0.4427,True,,False,,sept1scan
1462,0.3775,True,0.036,True,,sept1scan
1463,0.4739,True,0.032,True,,sept1scan
1464,0.4145,True,0.0518,True,,sept1scan
1465,0.3138,True,,False,,sept1scan
1466,0.498,True,0.0501,True,,sept1scan
1467,0.4573,True,0.0447,True,,sept1scan
1468,0.3354,True,,False,,sept1scan
1469,0.4967,True,,False,,sept1scan
1470,0.3568,True,0.0292,True,,sept1scan
1471,0.5064,True,0.0841,True,,sept1scan
1472,0.5781,True,0.1361,True,0.014,july2scan
1473,0.4186,True,,False,,sept1scan
1474,0.3962,True,0.0466,True,,sept1scan
1475,0.3864,True,0.0298,True,,sept1scan
1476,0.3724,True,0.0552,True,,sept1scan
1477,0.3845,True,0.037,True,,sept1scan
1478,0.3572,True,0.0275,True,,sept1scan
1479,0.3444,True,-0.0138,True,,sept1scan
1480,0.4962,True,,False,,sept1scan
1481,0.4448,True,0.0802,True,,sept1scan
1482,0.4248,True,0.0615,True,,sept1scan
1483,0.5345,True,0.0974,True,,sept1scan
1484,0.4723,True,,False,,sept1scan
1485,0.4741,True,,False,,sept1scan
1486,0.4792,True,0.0438,True,,sept1scan
1487,0.3441,True,0.0192,True,,sept1scan
1488,0.4309,True,0.0596,True,,sept1scan
1489,0.4437,True,0.0571,True,,sept1scan
1490,0.4717,True,,False,,sept1scan
1491,0.5069,True,0.0763,True,,sept1scan
1492,0.3942,True,,False,,sept1scan
1493,0.4762,True,0.035,True,,sept1scan
1494,0.4864,False,,False,,none
1495,0.469,True,0.089,True,,sept1scan
1496,0.4467,True,0.0669,True,,sept1scan
1497,0.4596,True,0.0838,True,,sept1scan
1498,0.5467,True,0.0439,True,,sept1scan
1499,0.5715,True,0.1005,True,,sept1scan
1500,0.4001,True,0.0524,True,,sept1scan
1501,0.5782,True,0.0837,True,,sept1scan
1502,0.4126,True,0.0593,True,,sept1scan
1503,0.5226,True,,False,0.0541,july2scan
1504,0.5801,True,0.0756,True,,sept1scan
1505,0.5276,True,0.068,True,,sept1scan
1506,0.3219,True,0.0359,True,,sept1scan
1507,0.4864,False,,False,,none
1508,0.4504,True,0.0522,True,,sept1scan
1509,0.5095,True,0.0457,True,,sept1scan
1510,0.3849,True,0.0605,True,,sept1scan
1511,0.4044,True,0.063,True,,sept1scan
1512,0.4205,True,0.0633,True,,sept1scan
1513,0.3042,True,,False,,sept1scan
1514,0.5422,True,0.0629,True,,sept1scan
1515,0.4485,True,0.0309,True,,sept1scan
1516,0.3715,True,,False,,sept1scan
1517,0.5461,True,0.0625,True,,sept1scan
1518,0.5632,True,0.0816,True,0.0053,july2scan
1519,0.576,True,0.0831,True,0.0019,july2scan
1520,0.4864,False,,False,,none
1521,0.5067,True,0.0493,True,,sept1scan
1522,0.3847,True,0.0395,True,,sept1scan
1523,0.2582,True,0.0122,True,,sept1scan
1524,0.5056,True,0.0609,True,,sept1scan
1525,0.5099,True,0.059,True,,sept1scan
1526,0.4159,True,,False,,sept1scan
1527,0.4541,True,0.0352,True,,sept1scan
1528,0.5255,True,,False,,sept1scan
1529,0.3118,True,,False,,sept1scan
1530,0.3972,True,0.0293,True,,sept1scan
1531,0.3197,True,-0.0034,True,0.0089,july2scan
1532,0.5607,True,0.0962,True,,sept1scan
1533,0.5023,True,0.0761,True,,sept1scan
1534,0.3445,True,,False,,sept1scan
1535,0.5439,True,0.0895,True,,sept1scan
1536,0.4614,True,0.0475,True,,sept1scan
1537,0.5259,True,0.0839,True,,sept1scan
1538,0.5048,True,,False,,sept1scan
1539,0.4864,False,,False,,none
1540,0.4743,True,0.0551,True,,sept1scan
1541,0.3582,True,0.0263,True,,sept1scan
1542,0.5286,True,0.0597,True,,sept1scan
1543,0.5307,True,0.0673,True,,sept1scan
1544,0.3447,True,0.0162,True,,sept1scan
1545,0.3741,True,,False,,sept1scan
1546,0.4077,True,,False,,sept1scan
1547,0.472,True,0.0515,True,,sept1scan
1548,0.5568,True,0.0648,True,,sept1scan
1549,0.347,True,0.0112,True,,sept1scan
1550,0.4314,True,0.0536,True,,sept1scan
1551,0.5795,True,0.1118,True,,sept1scan
1552,0.6799,True,0.0958,True,,sept1scan
1553,0.4107,True,0.0549,True,,sept1scan
1554,0.5385,True,,False,,sept1scan
1555,0.601,True,0.0881,True,,sept1scan
1556,0.4306,True,0.0732,True,,sept1scan
1557,0.544,True,0.0511,True,,sept1scan
1558,0.3964,True,0.0519,True,,sept1scan
1559,0.382,True,,False,,sept1scan
1560,0.4162,True,,False,,sept1scan
1561,0.3846,True,0.067,True,,sept1scan
1562,0.5141,True,,False,,sept1scan
1563,0.5086,True,0.0521,True,,sept1scan
1564,0.4625,True,0.0463,True,,sept1scan
1565,0.3873,True,0.0323,True,,sept1scan
1566,0.5162,True,0.0497,True,,sept1scan
1567,0.4964,True,,False,,sept1scan
1568,0.5045,True,0.067,True,,sept1scan
1569,0.4421,True,,False,,sept1scan
1570,0.4444,True,0.0495,True,,sept1scan
1571,0.5182,True,0.0519,True,,sept1scan
1572,0.2821,True,-0.0191,True,,sept1scan
1573,0.3967,True,0.029,True,,sept1scan
1574,0.5289,True,0.0445,True,,sept1scan
1575,0.5271,True,0.0808,True,,sept1scan
1576,0.4272,True,0.0424,True,,sept1scan
1577,0.6201,True,0.1419,True,,sept1scan
1578,0.5104,True,0.05,True,0.0445,july2scan
1579,0.41,True,,False,,sept1scan
1580,0.4864,False,,False,,none
1581,0.7773,True,0.1583,True,,sept1scan
1582,0.4359,True,0.0465,True,,sept1scan
1583,0.4451,True,,False,,sept1scan
1584,0.4277,True,0.0408,True,,sept1scan
1585,0.3422,True,0.0259,True,,sept1scan
1586,0.3791,True,0.0343,True,,sept1scan
1587,0.5778,True,0.129,True,,sept1scan
1588,0.4309,True,0.074,True,,sept1scan
1589,0.447,True,0.0695,True,,sept1scan
1590,0.3771,True,,False,,sept1scan
1591,0.4268,True,,False,,sept1scan
1592,0.524,True,,False,,sept1scan
1593,0.3353,True,0.0292,True,,sept1scan
1594,0.5027,True,0.0818,True,,sept1scan
1595,0.483,True,0.1243,True,,sept1scan
1596,0.3134,True,0.0221,True,,sept1scan
1597,0.5757,True,0.1026,True,,sept1scan
1598,0.5611,True,0.0725,True,,sept1scan
1599,0.557,True,0.0748,True,,sept1scan
1600,0.4608,True,0.0898,True,,sept1scan
1601,0.6801,True,,False,,sept1scan
1602,0.548,True,0.0986,True,,sept1scan
1603,0.4864,False,,False,,none
1604,0.5485,True,0.072,True,,sept1scan
1605,0.3928,True,0.0405,True,,sept1scan
1606,0.5607,True,0.0849,True,,sept1scan
1607,0.5783,True,0.0923,True,,sept1scan
1608,0.5796,True,0.0771,True,,sept1scan
1609,0.3855,True,0.0384,True,,sept1scan
1610,0.4774,True,0.0945,True,,sept1scan
1611,0.5352,True,0.0688,True,,sept1scan
1612,0.6108,True,0.0799,True,,sept1scan
1613,0.4496,True,0.0624,True,,sept1scan
1614,0.4799,True,0.07,True,,sept1scan
1615,0.5596,True,0.0814,True,,sept1scan
1616,0.5339,True,0.0772,True,,sept1scan
1617,0.4545,True,0.0636,True,,sept1scan
1618,0.5687,True,0.0785,True,,sept1scan
1619,0.6059,True,0.0972,True,,sept1scan
1620,0.583,True,0.0759,True,,sept1scan
1621,0.4864,False,,False,,none
1622,0.3976,True,0.0648,True,,sept1scan
1623,0.485,True,0.0613,True,,sept1scan
1624,0.4463,True,0.0818,True,,sept1scan
1625,0.4796,True,0.0563,True,,sept1scan
1626,0.5863,True,0.0509,True,,sept1scan
1627,0.4675,True,0.0713,True,,sept1scan
1628,0.5587,True,0.0811,True,,sept1scan
1629,0.5369,True,,False,,sept1scan
1630,0.4602,True,0.0877,True,,sept1scan
1631,0.5453,True,0.0731,True,,sept1scan
1632,0.4798,True,0.0741,True,,sept1scan
1633,0.5503,True,,False,,sept1scan
1634,0.3402,True,0.006,True,,sept1scan
1635,0.5286,True,0.0593,True,,sept1scan
1636,0.2936,True,0.0128,True,,sept1scan
1637,0.4864,False,,False,,none
1638,0.5157,True,0.0562,True,,sept1scan
1639,0.4055,True,0.0234,True,,sept1scan
1640,0.5668,True,0.1073,True,,sept1scan
1641,0.3673,True,0.0417,True,,sept1scan
1642,0.4158,True,0.0655,True,,sept1scan
1643,0.5565,True,0.0808,True,,sept1scan
1644,0.512,True,0.0478,True,,sept1scan
1645,0.509,True,0.0579,True,,sept1scan
1646,0.663,True,0.1358,True,,sept1scan
1647,0.4983,True,0.0615,True,,sept1scan
1648,0.5005,True,0.0428,True,,sept1scan
1649,0.4864,False,,False,,none
1650,0.5152,True,0.0488,True,,sept1scan
1651,0.4052,True,,False,,sept1scan
1652,0.4995,True,0.0597,True,,sept1scan
1653,0.4864,False,,False,,none
1654,0.4864,False,,False,,none
1655,0.4379,True,0.0814,True,,sept1scan
1656,0.5295,True,0.094,True,,sept1scan
1657,0.6071,True,0.0924,True,,sept1scan
1658,0.5895,True,0.0774,True,,sept1scan
1659,0.4824,True,0.0706,True,,sept1scan
1660,0.5819,True,0.0764,True,,sept1scan
1661,0.5806,True,0.0973,True,,sept1scan
1662,0.4321,True,0.0756,True,,sept1scan
1663,0.5595,True,0.0852,True,,sept1scan
1664,0.5829,True,0.0856,True,,sept1scan
1665,0.449,True,0.0809,True,,sept1scan
1666,0.5438,True,0.0977,True,,sept1scan
1667,0.4399,True,0.0788,True,,sept1scan
1668,0.6181,True,0.1101,True,,sept1scan
1669,0.3947,True,0.0626,True,,sept1scan
1670,0.5941,True,0.0801,True,,sept1scan
1671,0.4636,True,0.0823,True,,sept1scan
1672,0.4611,True,0.0495,True,,sept1scan
1673,0.584,True,0.0955,True,,sept1scan
1674,0.5843,True,0.0682,True,,sept1scan
1675,0.4939,True,0.0716,True,,sept1scan
1676,0.5133,True,0.0521,True,,sept1scan
1677,0.3631,True,0.056,True,,sept1scan
1678,0.4365,True,0.0699,True,,sept1scan
1679,0.5352,True,0.0567,True,,sept1scan
1680,0.6459,True,0.1069,True,,sept1scan
1681,0.4791,True,0.0765,True,,sept1scan
1682,0.4958,True,0.0649,True,,sept1scan
1683,0.5344,True,0.0926,True,,sept1scan
1684,0.5574,True,0.0973,True,,sept1scan
1685,0.3996,True,0.0529,True,,sept1scan
1686,0.5917,True,0.0835,True,,sept1scan
1687,0.6564,True,0.0949,True,,sept1scan
1688,0.4338,True,,False,,sept1scan
1689,0.3922,True,0.0651,True,,sept1scan
1690,0.5376,True,0.1164,True,0.0074,july2scan
1691,0.4792,True,0.0515,True,,sept1scan
1692,0.4752,True,0.0624,True,,sept1scan
1693,0.5745,True,0.0983,True,,sept1scan
1694,0.4133,True,0.0652,True,,sept1scan
1695,0.453,True,0.0731,True,,sept1scan
1696,0.5347,True,0.0716,True,,sept1scan
1697,0.5401,True,0.0625,True,,sept1scan
1698,0.5123,True,0.0571,True,,sept1scan
1699,0.5304,True,0.0731,True,,sept1scan
1700,0.3108,True,,False,,sept1scan
1701,0.5297,True,0.0646,True,,sept1scan
1702,0.5399,True,,False,,sept1scan
1703,0.4631,True,0.0494,True,,sept1scan
1704,0.4864,False,,False,,none
1705,0.5896,True,0.0954,True,,sept1scan
1706,0.428,True,0.0601,True,,sept1scan
1707,0.4972,True,0.0493,True,,sept1scan
1708,0.5099,True,,False,0.0001,july2scan
1709,0.4478,True,,False,,sept1scan
1710,0.3388,True,0.0212,True,,sept1scan
1711,0.6194,True,0.0809,True,,sept1scan
1712,0.4114,True,,False,,sept1scan
1713,0.4217,True,0.0865,True,,sept1scan
1714,0.3532,True,0.0149,True,,sept1scan
1715,0.378,True,,False,,sept1scan
1716,0.4836,True,0.0621,True,,sept1scan
1717,0.2944,True,0.0207,True,,sept1scan
1718,0.4129,True,0.0618,True,,sept1scan
1719,0.4495,True,0.0786,True,,sept1scan
1720,0.3678,True,0.044,True,,sept1scan
1721,0.5099,True,0.0907,True,,sept1scan
1722,0.5177,True,0.0694,True,,sept1scan
1723,0.4373,True,0.0615,True,,sept1scan
1724,0.4864,False,,False,,none
1725,0.4279,True,0.0392,True,,sept1scan
1726,0.4864,False,,False,,none
1727,0.4648,True,0.0616,True,,sept1scan
1728,0.487,True,0.0662,True,,sept1scan
1729,0.5729,True,0.0887,True,,sept1scan
1730,0.4864,False,,False,,none
1731,0.4179,True,0.0688,True,,sept1scan
1732,0.4007,True,0.0543,True,,sept1scan
1733,0.4926,True,0.0655,True,,sept1scan
1734,0.4161,True,0.0503,True,,sept1scan
1735,0.5698,True,0.0795,True,,sept1scan
1736,0.5863,True,0.1001,True,,sept1scan
1737,0.5696,True,0.07,True,,sept1scan
1738,0.5275,True,,False,,sept1scan
1739,0.4449,True,0.0783,True,,sept1scan
1740,0.5782,True,0.0647,True,,sept1scan
1741,0.5222,True,0.1071,True,,sept1scan
1742,0.3315,True,0.0182,True,,sept1scan
1743,0.4966,True,0.0601,True,,sept1scan
1744,0.3179,True,0.0253,True,,sept1scan
1745,0.453,True,0.0607,True,,sept1scan
1746,0.5204,True,0.0657,True,,sept1scan
1747,0.445,True,0.0692,True,,sept1scan
1748,0.5449,True,0.0531,True,,sept1scan
1749,0.4146,True,0.0435,True,,sept1scan
1750,0.485,True,0.1175,True,,sept1scan
1751,0.5812,True,0.081,True,,sept1scan
1752,0.4276,True,,False,,sept1scan
1753,0.634,True,0.0978,True,,sept1scan
1754,0.5177,True,0.0746,True,,sept1scan
1755,0.2792,True,,False,,sept1scan
1756,0.4936,True,0.0411,True,,sept1scan
1757,0.2915,True,,False,,sept1scan
1758,0.5769,True,0.0521,True,,sept1scan
1759,0.5643,True,0.0765,True,,sept1scan
1760,0.5327,True,0.0857,True,,sept1scan
1761,0.3502,True,0.0162,True,,sept1scan
1762,0.5987,True,0.0743,True,,sept1scan
1763,0.554,True,0.0661,True,,sept1scan
1764,0.575,True,0.0858,True,,sept1scan
1765,0.5662,True,0.0681,True,,sept1scan
1766,0.5663,True,0.0659,True,,sept1scan
1767,0.5803,True,0.0416,True,,sept1scan
1768,0.5203,True,0.0557,True,,sept1scan
1769,0.5238,True,0.1072,True,,sept1scan
1770,0.4742,True,0.0474,True,,sept1scan
1771,0.6158,True,0.1411,True,,sept1scan
1772,0.4842,True,0.0437,True,,sept1scan
1773,0.4093,True,0.0572,True,,sept1scan
1774,0.5299,True,0.0637,True,,sept1scan
1775,0.3343,True,0.0668,True,,sept1scan
1776,0.3727,True,0.0529,True,,sept1scan
1777,0.4621,True,,False,,sept1scan
1778,0.4871,True,,False,,sept1scan
1779,0.6127,True,0.1184,True,,sept1scan
1780,0.4059,True,0.0537,True,,sept1scan
1781,0.4764,True,0.0508,True,,sept1scan
1782,0.5834,True,0.0663,True,,sept1scan
1783,0.372,True,0.0561,True,,sept1scan
1784,0.3808,True,0.0599,True,,sept1scan
1785,0.5138,True,0.0428,True,,sept1scan
1786,0.5212,True,0.0536,True,,sept1scan
1787,0.4142,True,,False,,sept1scan
1788,0.5029,True,0.0471,True,,sept1scan
1789,0.5526,True,,False,,sept1scan
1790,0.4864,False,,False,,none
1791,0.4864,False,,False,,none
1792,0.4864,False,,False,,none
1793,0.4019,True,0.0638,True,,sept1scan
1794,0.3979,True,0.0663,True,,sept1scan
1795,0.4672,True,0.0838,True,,sept1scan
1796,0.4962,True,0.0592,True,,sept1scan
1797,0.5661,True,0.1245,True,,sept1scan
1798,0.7632,True,0.2884,True,0.0239,july2scan
1799,0.4158,True,0.0666,True,,sept1scan
1800,0.3973,True,0.0582,True,,sept1scan
1801,0.2852,True,0.0055,True,,sept1scan
1802,0.6134,True,0.0918,True,,sept1scan
1803,0.4479,True,0.1257,True,0.0057,july2scan
1804,0.5019,True,0.0452,True,,sept1scan
1805,0.5106,True,0.069,True,,sept1scan
1806,0.3757,True,0.0546,True,,sept1scan
1807,0.4484,True,0.0429,True,,sept1scan
1808,0.5401,True,0.0618,True,,sept1scan
1809,0.6567,True,0.1099,True,,sept1scan
1810,0.4962,True,0.087,True,,sept1scan
1811,0.5682,True,0.0819,True,,sept1scan
1812,0.3969,True,0.0688,True,,sept1scan
1813,0.5082,True,0.0773,True,,sept1scan
1814,0.5449,True,0.0432,True,,sept1scan
1815,0.5581,True,0.0593,True,,sept1scan
1816,0.4227,True,0.0543,True,,sept1scan
1817,0.537,True,0.0912,True,,sept1scan
1818,0.5847,True,0.0702,True,,sept1scan
1819,0.6187,True,0.0804,True,,sept1scan
1820,0.3686,True,0.0679,True,,sept1scan
1821,0.3708,True,0.047,True,,sept1scan
1822,0.3444,True,,False,,sept1scan
1823,0.5485,True,0.084,True,,sept1scan
1824,0.5526,True,0.0671,True,,sept1scan
1825,0.4864,False,,False,,none
1826,0.5739,True,0.1039,True,,sept1scan
1827,0.4965,True,,False,,sept1scan
1828,0.4656,True,0.0426,True,,sept1scan
1829,0.4153,True,0.0626,True,,sept1scan
1830,0.3898,True,0.0453,True,,sept1scan
1831,0.4686,True,0.0649,True,,sept1scan
1832,0.4288,True,0.0659,True,,sept1scan
1833,0.4251,True,0.054,True,,sept1scan
1834,0.3143,True,0.0265,True,,sept1scan
1835,0.4548,True,0.0759,True,,sept1scan
1836,0.4864,False,,False,,none
1837,0.5262,True,0.0762,True,,sept1scan
1838,0.6088,True,0.0875,True,,sept1scan
1839,0.4223,True,0.0549,True,,sept1scan
1840,0.4864,False,,False,,none
1841,0.5417,True,,False,,sept1scan
1842,0.4716,True,0.0549,True,,sept1scan
1843,0.5618,True,0.0853,True,,sept1scan
1844,0.4088,True,0.0582,True,,sept1scan
1845,0.4864,False,,False,,none
1846,0.5708,True,0.0666,True,,sept1scan
1847,0.5222,True,0.0731,True,,sept1scan
1848,0.2805,True,0.0093,True,0.0093,july2scan
1849,0.4857,True,,False,,sept1scan
1850,0.3294,True,-0.006,True,,sept1scan
1851,0.532,True,0.0684,True,,sept1scan
1852,0.4885,True,0.0751,True,,sept1scan
1853,0.5751,True,0.0761,True,,sept1scan
1854,0.5235,True,0.0679,True,,sept1scan
1855,0.5161,True,0.05,True,,sept1scan
1856,0.5549,True,0.0572,True,,sept1scan
1857,0.5771,True,0.0763,True,,sept1scan
1858,0.5468,True,0.0515,True,,sept1scan
1859,0.5837,True,0.0775,True,,sept1scan
1860,0.4604,True,,False,,sept1scan
1861,0.5166,True,0.0623,True,,sept1scan
1862,0.4024,True,0.0623,True,,sept1scan
1863,0.45,True,0.0553,True,,sept1scan
1864,0.4124,True,0.0717,True,,sept1scan
1865,0.5145,True,,False,,sept1scan
1866,0.6055,True,0.0897,True,,sept1scan
1867,0.5186,True,,False,,sept1scan
1868,0.5422,True,0.0746,True,,sept1scan
1869,0.6041,True,0.0951,True,,sept1scan
1870,0.5121,True,0.0846,True,,sept1scan
1871,0.5584,True,0.0588,True,,sept1scan
1872,0.6291,True,0.077,True,,sept1scan
1873,0.5474,True,0.082,True,,sept1scan
1874,0.4748,True,0.0732,True,,sept1scan
1875,0.4283,True,0.0621,True,,sept1scan
1876,0.443,True,0.0637,True,,sept1scan
1877,0.4943,True,0.0531,True,,sept1scan
1878,0.4984,True,0.0827,True,,sept1scan
1879,0.5043,True,0.0666,True,,sept1scan
1880,0.5842,True,0.059,True,,sept1scan
1881,0.5815,True,0.0583,True,,sept1scan
1882,0.4864,False,,False,,none
1883,0.4831,True,0.0801,True,,sept1scan
1884,0.5597,True,0.0877,True,,sept1scan
1885,0.604,True,0.0781,True,,sept1scan
1886,0.5078,True,,False,,sept1scan
1887,0.5358,True,0.0642,True,,sept1scan
1888,0.3259,True,0.0232,True,,sept1scan
1889,0.5265,True,0.0638,True,,sept1scan
1890,0.417,True,0.077,True,,sept1scan
1891,0.5357,True,0.0688,True,,sept1scan
1892,0.5063,True,0.0491,True,,sept1scan
1893,0.4659,True,0.0356,True,,sept1scan
1894,0.5351,True,0.0662,True,,sept1scan
1895,0.3345,True,0.037,True,,sept1scan
1896,0.4994,True,0.058,True,,sept1scan
1897,0.552,True,0.0615,True,,sept1scan
1898,0.5876,True,0.0727,True,,sept1scan
1899,0.4089,True,0.0672,True,,sept1scan
1900,0.5792,True,0.0723,True,,sept1scan
1901,0.5049,True,0.0542,True,,sept1scan
1902,0.29,True,,False,,sept1scan
1903,0.4864,False,,False,,none
1904,0.4093,True,0.0565,True,,sept1scan
1905,0.472,True,0.0664,True,,sept1scan
1906,0.5949,True,0.1047,True,,sept1scan
1907,0.5425,True,0.0617,True,,sept1scan
1908,0.5389,True,0.0639,True,,sept1scan
1909,0.5272,True,0.0652,True,,sept1scan
1910,0.3927,True,0.0611,True,,sept1scan
1911,0.551,True,0.097,True,,sept1scan
1912,0.3873,True,0.0347,True,,sept1scan
1913,0.5833,True,0.0815,True,,sept1scan
1914,0.6579,True,0.1111,True,,sept1scan
1915,0.4667,True,0.0708,True,,sept1scan
1916,0.4871,True,0.0583,True,,sept1scan
1917,0.461,True,0.0514,True,,sept1scan
1918,0.5311,True,0.0843,True,,sept1scan
1919,0.2924,True,0.0121,True,,sept1scan
1920,0.4412,True,0.0761,True,,sept1scan
1921,0.4888,True,0.0936,True,,sept1scan
1922,0.3671,True,0.0465,True,,sept1scan
1923,0.5415,True,0.0753,True,,sept1scan
1924,0.5673,True,0.0944,True,,sept1scan
1925,0.233,True,0.0255,True,,sept1scan
1926,0.5856,True,0.0845,True,,sept1scan
1927,0.5069,True,0.0804,True,,sept1scan
1928,0.6029,True,0.0919,True,,sept1scan
1929,0.4236,True,0.0536,True,,sept1scan
1930,0.4271,True,0.0911,True,,sept1scan
1931,0.4566,True,0.079,True,,sept1scan
1932,0.5012,True,0.0797,True,,sept1scan
1933,0.5555,True,0.0826,True,,sept1scan
1934,0.5616,True,0.0676,True,,sept1scan
1935,0.4909,True,0.0707,True,,sept1scan
1936,0.5121,True,0.0472,True,,sept1scan
1937,0.4981,True,0.0831,True,,sept1scan
1938,0.5384,True,0.0534,True,,sept1scan
1939,0.4749,True,0.1067,True,0.0,july2scan
1940,0.4687,True,0.0922,True,,sept1scan
1941,0.5061,True,0.0637,True,,sept1scan
1942,0.4563,True,,False,,sept1scan
1943,0.5082,True,0.0476,True,,sept1scan
1944,0.4904,True,0.0816,True,,sept1scan
1945,0.3613,True,0.049,True,,sept1scan
1946,0.5673,True,0.0971,True,,sept1scan
1947,0.4812,True,0.0433,True,,sept1scan
1948,0.5793,True,0.1172,True,0.0601,july2scan
1949,0.5066,True,0.0713,True,,sept1scan
1950,0.56,True,0.0781,True,,sept1scan
1951,0.5353,True,0.0503,True,,sept1scan
1952,0.516,True,0.0954,True,,sept1scan
1953,0.4228,True,0.0836,True,,sept1scan
1954,0.4491,True,0.0505,True,,sept1scan
1955,0.4561,True,0.0428,True,,sept1scan
1956,0.5462,True,0.0728,True,,sept1scan
1957,0.4595,True,0.0736,True,,sept1scan
1958,0.5749,True,0.0673,True,,sept1scan
1959,0.4201,True,0.049,True,,sept1scan
1960,0.5841,True,0.0828,True,,sept1scan
1961,0.3868,True,0.0368,True,,sept1scan
1962,0.5722,True,0.0886,True,,sept1scan
1963,0.4864,False,,False,,none
1964,0.5268,True,0.0688,True,,sept1scan
1965,0.5335,True,0.0793,True,,sept1scan
1966,0.5248,True,0.0771,True,,sept1scan
1967,0.6001,True,0.0847,True,,sept1scan
1968,0.4191,True,0.0669,True,,sept1scan
1969,0.3912,True,0.035,True,,sept1scan
1970,0.4866,True,0.0869,True,,sept1scan
1971,0.303,True,-0.0002,True,,sept1scan
1972,0.4036,True,0.0818,True,,sept1scan
1973,0.5051,True,0.0622,True,,sept1scan
1974,0.5467,True,0.0677,True,,sept1scan
1975,0.5019,True,0.068,True,,sept1scan
1976,0.407,True,0.0393,True,,sept1scan
1977,0.5807,True,0.0868,True,,sept1scan
1978,0.4926,True,0.059,True,,sept1scan
1979,0.6572,True,0.0905,True,,sept1scan
1980,0.5351,True,0.1027,True,,sept1scan
1981,0.5537,True,0.0829,True,,sept1scan
1982,0.3833,True,0.0343,True,,sept1scan
1983,0.4198,True,0.0974,True,,sept1scan
1984,0.611,True,0.109,True,,sept1scan
1985,0.5751,True,0.0919,True,,sept1scan
1986,0.4885,True,0.0799,True,,sept1scan
1987,0.5828,True,,False,,sept1scan
1988,0.5207,True,0.0514,True,,sept1scan
1989,0.6433,True,0.1002,True,,sept1scan
1990,0.6015,True,0.0741,True,,sept1scan
1991,0.5844,True,0.0962,True,,sept1scan
1992,0.6,True,0.1113,True,,sept1scan
1993,0.4207,True,0.0598,True,,sept1scan
1994,0.5303,True,0.0612,True,,sept1scan
1995,0.4608,True,0.0698,True,,sept1scan
1996,0.5561,True,0.1065,True,,sept1scan
1997,0.4864,False,,False,,none
1998,0.6707,True,0.2477,True,0.0476,july2scan
1999,0.5908,True,0.1137,True,,sept1scan
2000,0.5688,True,0.0833,True,,sept1scan
2001,0.5183,True,0.0728,True,,sept1scan
2002,0.5422,True,0.0963,True,,sept1scan
2003,0.362,True,0.0625,True,,sept1scan
2004,0.5085,True,0.0788,True,,sept1scan
2005,0.3971,True,0.0547,True,,sept1scan
2006,0.3049,True,0.0479,True,,sept1scan
2007,0.5347,True,0.0726,True,,sept1scan
2008,0.3409,True,0.0152,True,,sept1scan
2009,0.1984,True,,False,,sept1scan
2010,0.3699,True,0.0467,True,,sept1scan
2011,0.521,True,0.0654,True,,sept1scan
2012,0.5381,True,0.0815,True,,sept1scan
2013,0.4746,True,0.0738,True,,sept1scan
2014,0.338,True,0.0585,True,,sept1scan
2015,0.5057,True,0.0436,True,,sept1scan
2016,0.43,True,0.0645,True,,sept1scan
2017,0.5904,True,0.0987,True,,sept1scan
2018,0.498,True,0.0684,True,,sept1scan
2019,0.5354,True,0.105,True,,sept1scan
2020,0.5219,True,0.0607,True,,sept1scan
2021,0.5203,True,0.0729,True,,sept1scan
2022,0.4006,True,0.075,True,,sept1scan
2023,0.4462,True,,False,,sept1scan
2024,0.5314,True,0.0613,True,,sept1scan
2025,0.6054,True,0.1194,True,,sept1scan
2026,0.5361,True,0.0805,True,,sept1scan
2027,0.57,True,0.083,True,,sept1scan
2028,0.5184,True,0.068,True,,sept1scan
2029,0.5681,True,0.0746,True,,sept1scan
2030,0.4396,True,0.0816,True,,sept1scan
2031,0.5833,True,0.0698,True,,sept1scan
2032,0.5621,True,0.0615,True,,sept1scan
2033,0.5353,True,0.0506,True,,sept1scan
2034,0.5463,True,0.0896,True,,sept1scan
2035,0.4153,True,0.038,True,,sept1scan
2036,0.5321,True,0.0808,True,,sept1scan
2037,0.5702,True,0.0948,True,,sept1scan
2038,0.6044,True,0.0992,True,,sept1scan
2039,0.5404,True,0.0667,True,,sept1scan
2040,0.6131,True,0.1048,True,,sept1scan
2041,0.3917,True,0.0374,True,,sept1scan
2042,0.5533,True,0.086,True,,sept1scan
2043,0.4583,True,0.0469,True,,sept1scan
2044,0.472,True,0.0886,True,,sept1scan
2045,0.5904,True,0.1033,True,,sept1scan
2046,0.5837,True,0.0865,True,,sept1scan
2047,0.5552,True,0.0758,True,,sept1scan
2048,0.6008,True,0.0969,True,,sept1scan
2049,0.3939,True,0.0563,True,,sept1scan
2050,0.3883,True,0.0658,True,,sept1scan
2051,0.5149,True,0.043,True,,sept1scan
2052,0.4446,True,0.0427,True,,sept1scan
2053,0.4864,False,,False,,none
2054,0.3778,True,0.0634,True,,sept1scan
2055,0.4271,True,0.0593,True,,sept1scan
2056,0.5368,True,0.0734,True,,sept1scan
2057,0.515,True,0.0719,True,,sept1scan
2058,0.5461,True,0.0798,True,,sept1scan
2059,0.5002,True,0.063,True,,sept1scan
2060,0.5538,True,0.0764,True,,sept1scan
2061,0.4615,True,0.0697,True,,sept1scan
2062,0.561,True,0.101,True,,sept1scan
2063,0.4438,True,0.0788,True,,sept1scan
2064,0.582,True,0.1035,True,,sept1scan
2065,0.4529,True,0.077,True,,sept1scan
2066,0.4571,True,0.0449,True,,sept1scan
2067,0.4131,True,0.065,True,,sept1scan
2068,0.3888,True,0.038,True,,sept1scan
2069,0.6212,True,0.1188,True,,sept1scan
2070,0.4718,True,0.0599,True,,sept1scan
2071,0.5027,True,0.0617,True,,sept1scan
2072,0.3842,True,0.0447,True,,sept1scan
2073,0.3911,True,0.0535,True,,sept1scan
2074,0.5205,True,0.0604,True,,sept1scan
2075,0.463,True,0.056,True,,sept1scan
2076,0.3959,True,0.0683,True,,sept1scan
2077,0.4695,True,0.0674,True,,sept1scan
2078,0.3776,True,0.0492,True,,sept1scan
2079,0.4864,False,,False,,none
2080,0.4075,True,0.087,True,,sept1scan
2081,0.4304,True,0.0875,True,,sept1scan
2082,0.5699,True,0.0883,True,,sept1scan
2083,0.508,True,0.0683,True,,sept1scan
2084,0.6112,True,0.0975,True,,sept1scan
2085,0.6259,True,0.0968,True,,sept1scan
2086,0.5432,True,0.107,True,,sept1scan
2087,0.522,True,0.1113,True,,sept1scan
2088,0.6181,True,0.114,True,,sept1scan
2089,0.5757,True,0.0822,True,,sept1scan
2090,0.5751,True,0.0996,True,,sept1scan
2091,0.5858,True,0.0849,True,,sept1scan
2092,0.5563,True,0.077,True,,sept1scan
2093,0.5718,True,0.0752,True,,sept1scan
2094,0.6363,True,0.1104,True,,sept1scan
2095,0.5744,True,0.0879,True,,sept1scan
2096,0.6361,True,0.0995,True,,sept1scan
2097,0.6416,True,0.1244,True,,sept1scan
2098,0.4694,True,0.0486,True,,sept1scan
2099,0.5397,True,0.0603,True,,sept1scan
2100,0.5827,True,0.0716,True,,sept1scan
2101,0.5483,True,0.0723,True,,sept1scan
2102,0.466,True,0.0216,True,,sept1scan
2103,0.5819,True,0.0856,True,,sept1scan
2104,0.507,True,0.06,True,,sept1scan
2105,0.4765,True,0.0624,True,,sept1scan
2106,0.5343,True,0.0791,True,,sept1scan
2107,0.5202,True,0.0646,True,,sept1scan
2108,0.4458,True,0.0657,True,,sept1scan
2109,0.3847,True,0.0582,True,,sept1scan
2110,0.593,True,0.0883,True,,sept1scan
2111,0.5007,True,,False,,sept1scan
2112,0.3668,True,0.0521,True,,sept1scan
2113,0.6256,True,0.0954,True,,sept1scan
2114,0.5621,True,0.0701,True,,sept1scan
2115,0.3418,True,0.0481,True,,sept1scan
2116,0.2887,True,0.0725,True,,sept1scan
2117,0.5747,True,0.0912,True,,sept1scan
2118,0.5788,True,0.0888,True,,sept1scan
2119,0.5713,True,0.0893,True,,sept1scan
2120,0.4203,True,0.0843,True,,sept1scan
2121,0.566,True,0.092,True,,sept1scan
2122,0.4011,True,0.0643,True,,sept1scan
2123,0.4265,True,0.0584,True,,sept1scan
2124,0.4272,True,0.0906,True,,sept1scan
2125,0.5779,True,0.11,True,,sept1scan
2126,0.3461,True,0.0665,True,0.0066,july2scan
2127,0.5604,True,0.1099,True,,sept1scan
2128,0.5455,True,0.0875,True,,sept1scan
2129,0.5486,True,0.0809,True,,sept1scan
2130,0.5235,True,,False,,sept1scan
2131,0.4029,True,,False,,sept1scan
2132,0.5598,True,0.0872,True,,sept1scan
2133,0.5454,True,0.0823,True,,sept1scan
2134,0.6108,True,0.109,True,,sept1scan
2135,0.3728,True,0.0401,True,,sept1scan
2136,0.4413,True,0.063,True,,sept1scan
2137,0.5554,True,0.0911,True,,sept1scan
2138,0.5804,True,0.0869,True,,sept1scan
2139,0.3821,True,,False,,sept1scan
2140,0.3826,True,0.0585,True,,sept1scan
2141,0.5826,True,0.0955,True,,sept1scan
2142,0.5301,True,0.0656,True,,sept1scan
2143,0.4855,True,0.1045,True,,sept1scan
2144,0.4906,True,0.0509,True,,sept1scan
2145,0.5873,True,0.1043,True,,sept1scan
2146,0.5605,True,0.0909,True,,sept1scan
2147,0.5036,True,0.0763,True,,sept1scan
2148,0.5519,True,0.082,True,,sept1scan
2149,0.6193,True,0.126,True,,sept1scan
2150,0.5577,True,0.0866,True,,sept1scan
2151,0.4864,False,,False,,none
2152,0.4293,True,0.067,True,,sept1scan
2153,0.362,True,,False,,sept1scan
2154,0.5105,True,0.073,True,,sept1scan
2155,0.4422,True,0.0677,True,,sept1scan
2156,0.4763,True,0.0978,True,,sept1scan
2157,0.4685,True,,False,,sept1scan
2158,0.5134,True,0.0863,True,,sept1scan
2159,0.5845,True,0.081,True,,sept1scan
2160,0.4852,True,0.0615,True,,sept1scan
2161,0.5147,True,0.0979,True,,sept1scan
2162,0.5639,True,0.0898,True,,sept1scan
2163,0.5593,True,0.077,True,,sept1scan
2164,0.5832,True,0.089,True,,sept1scan
2165,0.3734,True,,False,,sept1scan
2166,0.5532,True,0.0611,True,,sept1scan
2167,0.5318,True,0.0863,True,,sept1scan
2168,0.4875,True,0.0762,True,,sept1scan
2169,0.5819,True,0.0937,True,,sept1scan
2170,0.6052,True,0.0921,True,,sept1scan
2171,0.5467,True,0.0848,True,,sept1scan
2172,0.4977,True,0.1773,True,0.0387,july2scan
2173,0.4506,True,0.082,True,,sept1scan
2174,0.5316,True,0.0819,True,,sept1scan
2175,0.5623,True,0.1043,True,,sept1scan
2176,0.4852,True,0.0948,True,,sept1scan
2177,0.4766,True,,False,,sept1scan
2178,0.568,True,0.0819,True,,sept1scan
2179,0.6109,True,0.1043,True,,sept1scan
2180,0.5124,True,0.0932,True,,sept1scan
2181,0.6418,True,0.1516,True,,sept1scan
2182,0.4864,False,,False,,none
2183,0.5393,True,0.0946,True,,sept1scan
2184,0.5729,True,0.0949,True,,sept1scan
2185,0.5593,True,0.0858,True,,sept1scan
2186,0.4864,False,,False,,none
2187,0.6142,True,0.1364,True,,sept1scan
2188,0.5793,True,0.0852,True,,sept1scan
2189,0.4954,True,0.0786,True,,sept1scan
2190,0.5764,True,0.0833,True,,sept1scan
2191,0.4524,True,0.0863,True,,sept1scan
2192,0.5801,True,0.0953,True,,sept1scan
2193,0.4964,True,0.0761,True,,sept1scan
2194,0.5577,True,0.0903,True,,sept1scan
2195,0.5416,True,0.0835,True,,sept1scan
2196,0.5928,True,0.0958,True,,sept1scan
2197,0.5788,True,0.0944,True,,sept1scan
2198,0.55,True,0.07,True,,sept1scan
2199,0.6947,True,0.1412,True,,sept1scan
2200,0.5104,True,0.0955,True,,sept1scan
2201,0.4401,True,0.1328,True,0.0115,july2scan
2202,0.4276,True,0.084,True,,sept1scan
2203,0.6192,True,0.1143,True,,sept1scan
2204,0.4553,True,,False,,sept1scan
2205,0.4102,True,0.0794,True,,sept1scan
2206,0.5785,True,0.1015,True,,sept1scan
2207,0.5548,True,0.0775,True,,sept1scan
2208,0.5646,True,0.08,True,,sept1scan
2209,0.5565,True,0.0814,True,,sept1scan
2210,0.7517,True,0.149,True,,sept1scan
2211,0.5619,True,0.0985,True,,sept1scan
2212,0.6022,True,0.0933,True,,sept1scan
2213,0.4796,True,0.0946,True,,sept1scan
2214,0.2796,True,,False,,sept1scan
2215,0.5665,True,0.0786,True,,sept1scan
2216,0.5757,True,0.111,True,,sept1scan
2217,0.5438,True,0.0752,True,,sept1scan
2218,0.4846,True,0.0759,True,,sept1scan
2219,0.3899,True,0.0558,True,,sept1scan
2220,0.4864,False,,False,,none
2221,0.5851,True,0.0885,True,,sept1scan
2222,0.52,True,0.0461,True,,sept1scan
2223,0.5815,True,0.0909,True,,sept1scan
2224,0.5197,True,0.0723,True,,sept1scan
2225,0.4343,True,0.0442,True,,sept1scan
2226,0.5727,True,0.0908,True,,sept1scan
2227,0.4105,True,0.0346,True,,sept1scan
2228,0.6229,True,0.0891,True,,sept1scan
2229,0.5791,True,0.084,True,,sept1scan
2230,0.5956,True,0.0896,True,,sept1scan
2231,0.5185,True,0.0667,True,,sept1scan
2232,0.5505,True,0.1075,True,,sept1scan
2233,0.4436,True,0.0751,True,,sept1scan
2234,0.5648,True,0.0979,True,,sept1scan
2235,0.4425,True,0.0379,True,,sept1scan
2236,0.5336,True,0.0967,True,,sept1scan
2237,0.5031,True,0.0953,True,,sept1scan
2238,0.5746,True,0.0822,True,,sept1scan
2239,0.4889,True,0.0781,True,,sept1scan
2240,0.4214,True,0.09,True,,sept1scan
2241,0.4908,True,0.0574,True,,sept1scan
2242,0.5183,True,0.0509,True,,sept1scan
2243,0.6061,True,0.1005,True,,sept1scan
2244,0.518,True,0.0778,True,,sept1scan
2245,0.4568,True,,False,,sept1scan
2246,0.6508,True,0.1381,True,,sept1scan
2247,0.5547,True,0.0832,True,,sept1scan
2248,0.4454,True,0.1062,True,0.0575,july2scan
2249,0.4336,True,0.0969,True,,sept1scan
2250,0.5629,True,0.1189,True,,sept1scan
2251,0.5594,True,0.0871,True,,sept1scan
2252,0.4506,True,0.1139,True,,sept1scan
2253,0.5794,True,0.098,True,,sept1scan
2254,0.3661,True,0.0638,True,,sept1scan
2255,0.5321,True,0.0823,True,,sept1scan
2256,0.5705,True,0.111,True,,sept1scan
2257,0.5732,True,0.1025,True,,sept1scan
2258,0.5614,True,0.0926,True,,sept1scan
2259,0.4199,True,,False,,sept1scan
2260,0.5435,True,0.0906,True,,sept1scan
2261,0.2617,True,0.0146,True,,sept1scan
2262,0.4451,True,,False,,sept1scan
2263,0.4344,True,,False,,sept1scan
2264,0.3544,True,0.0508,True,,sept1scan
2265,0.5056,True,0.0826,True,,sept1scan
2266,0.434,True,0.068,True,,sept1scan
2267,0.542,True,0.0709,True,,sept1scan
2268,0.5293,True,0.0679,True,,sept1scan
2269,0.599,True,,False,,sept1scan
2270,0.5049,True,0.0544,True,,sept1scan
2271,0.5193,True,0.0863,True,,sept1scan
2272,0.5504,True,0.0655,True,,sept1scan
2273,0.5206,True,0.0707,True,,sept1scan
2274,0.5214,True,0.0619,True,,sept1scan
2275,0.5612,True,0.078,True,,sept1scan
2276,0.5485,True,0.0815,True,,sept1scan
2277,0.5593,True,0.0936,True,,sept1scan
2278,0.5263,True,0.0649,True,,sept1scan
2279,0.4688,True,,False,,sept1scan
2280,0.5181,True,0.0755,True,,sept1scan
2281,0.53,True,0.0992,True,,sept1scan
2282,0.2528,True,,False,,sept1scan
2283,0.4845,True,0.0536,True,,sept1scan
2284,0.4853,True,0.0709,True,,sept1scan
2285,0.5099,True,0.0613,True,,sept1scan
2286,0.4353,True,0.0449,True,,sept1scan
2287,0.5018,True,0.0954,True,,sept1scan
2288,0.3991,True,,False,,sept1scan
2289,0.5604,True,0.1052,True,,sept1scan
2290,0.2305,True,,False,,sept1scan
2291,0.4142,True,0.0446,True,,sept1scan
2292,0.5121,True,,False,,sept1scan
2293,0.3982,True,0.0916,True,,sept1scan
2294,0.4085,True,,False,,sept1scan
2295,0.2922,True,,False,,sept1scan
2296,0.5846,True,0.1004,True,,sept1scan
2297,0.401,True,0.06,True,,sept1scan
2298,0.5714,True,,False,,sept1scan
2299,0.5767,True,0.1037,True,,sept1scan
2300,0.3741,True,,False,,sept1scan
2301,0.4574,True,0.0876,True,,sept1scan
2302,0.3828,True,,False,,sept1scan
2303,0.4523,True,,False,,sept1scan
2304,0.5595,True,0.105,True,,sept1scan
2305,0.5835,True,0.0941,True,,sept1scan
2306,0.601,True,0.1195,True,,sept1scan
2307,0.6511,True,0.1213,True,,sept1scan
2308,0.5481,True,0.0653,True,,sept1scan
2309,0.5277,True,0.0837,True,,sept1scan
2310,0.3539,True,,False,,sept1scan
2311,0.3962,True,,False,,sept1scan
2312,0.448,True,,False,,sept1scan
2313,0.5097,True,0.0827,True,,sept1scan
2314,0.5661,True,0.0962,True,,sept1scan
2315,0.6183,True,0.1556,True,0.0073,july2scan
2316,0.4694,True,,False,,sept1scan
2317,0.5527,True,0.1101,True,,sept1scan
2318,0.3175,True,,False,,sept1scan
2319,0.5304,True,0.084,True,,sept1scan
2320,0.4346,True,,False,,sept1scan
2321,0.4593,True,,False,,sept1scan
2322,0.5406,True,,False,,sept1scan
2323,0.5026,True,,False,,sept1scan
2324,0.5006,True,0.0602,True,,sept1scan
2325,0.6104,True,0.0987,True,,sept1scan
2326,0.3758,True,,False,,sept1scan
2327,0.5177,True,0.0689,True,,sept1scan
2328,0.4556,True,,False,,sept1scan
2329,0.5328,True,,False,,sept1scan
2330,0.3841,True,0.0179,True,,sept1scan
2331,0.5342,True,0.0728,True,,sept1scan
2332,0.5646,True,,False,,sept1scan
2333,0.4675,True,0.0598,True,,sept1scan
2334,0.3782,True,0.0541,True,,sept1scan
2335,0.594,True,0.112,True,,sept1scan
2336,0.543,True,0.0753,True,,sept1scan
2337,0.5078,True,0.0685,True,,sept1scan
2338,0.4605,True,,False,,sept1scan
2339,0.5021,True,0.0854,True,,sept1scan
2340,0.5543,True,0.077,True,,sept1scan
2341,0.5457,True,0.0844,True,,sept1scan
2342,0.362,True,0.0237,True,,sept1scan
2343,0.5049,True,0.086,True,,sept1scan
2344,0.3662,True,,False,,sept1scan
2345,0.4577,True,,False,,sept1scan
2346,0.4956,True,0.0891,True,,sept1scan
2347,0.4816,True,0.0561,True,,sept1scan
2348,0.4253,True,0.0193,True,,sept1scan
2349,0.624,True,,False,0.0101,july2scan
2350,0.2764,True,,False,,sept1scan
2351,0.4375,True,0.0648,True,,sept1scan
2352,0.4864,False,,False,,none
2353,0.4542,True,0.0514,True,,sept1scan
2354,0.6152,True,0.1135,True,,sept1scan
2355,0.3809,True,,False,,sept1scan
2356,0.5427,True,0.0797,True,,sept1scan
2357,0.3479,True,0.0149,True,,sept1scan
2358,0.4495,True,0.0932,True,,sept1scan
2359,0.4705,True,,False,,sept1scan
2360,0.5438,True,,False,0.0481,july2scan
2361,0.4344,True,,False,,sept1scan
2362,0.4497,True,0.0446,True,,sept1scan
2363,0.3391,True,,False,,sept1scan
2364,0.3364,True,0.0622,True,,sept1scan
2365,0.3933,True,,False,,sept1scan
2366,0.3983,True,0.0323,True,,sept1scan
2367,0.4189,True,,False,,sept1scan
2368,0.3959,True,,False,,sept1scan
2369,0.42,True,,False,,sept1scan
2370,0.3379,True,,False,,sept1scan
2371,0.4616,True,,False,,sept1scan
2372,0.3801,True,,False,,sept1scan
2373,0.4722,True,0.0316,True,,sept1scan
2374,0.5109,True,,False,,sept1scan
2375,0.4732,True,0.0323,True,,sept1scan
2376,0.4145,True,,False,,sept1scan
2377,0.4679,True,0.0452,True,,sept1scan
2378,0.3888,True,,False,,sept1scan
2379,0.3841,True,,False,,sept1scan
2380,0.4864,False,,False,,none
2381,0.5254,True,,False,,sept1scan
2382,0.5542,True,0.0946,True,,sept1scan
2383,0.424,True,,False,,sept1scan
2384,0.3852,True,0.032,True,,sept1scan
2385,0.3772,True,,False,,sept1scan
2386,0.4905,True,0.0884,True,0.0074,july2scan
2387,0.4732,True,0.0432,True,,sept1scan
2388,0.3796,True,0.0245,True,,sept1scan
2389,0.4456,True,0.0303,True,,sept1scan
2390,0.6276,True,0.1385,True,,sept1scan
2391,0.4382,True,,False,,sept1scan
2392,0.4323,True,0.0663,True,,sept1scan
2393,0.5003,True,0.0615,True,,sept1scan
2394,0.4909,True,0.0431,True,,sept1scan
