id_dot,x_dot,y_dot,r_dot
1,4961.98,3620.37,10.0278
2,4868.09,3569.08,10.0266
3,4959.45,3513.41,10.028
4,4865.56,3462.13,10.0267
5,4956.92,3406.45,10.0281
6,4863.03,3355.17,10.0268
7,4954.39,3299.49,10.0281
8,4860.5,3248.22,10.0267
9,4951.87,3192.53,10.0279
10,4857.98,3141.27,10.0264
11,4949.34,3085.58,10.0277
12,4855.45,3034.33,10.0261
13,4946.81,2978.64,10.0272
14,4852.93,2927.41,10.0257
15,4944.29,2871.72,10.0267
16,4850.41,2820.5,10.025
17,4941.76,2764.82,10.0261
18,4847.89,2713.62,10.0244
19,4939.24,2657.94,10.0254
20,4845.37,2606.76,10.0236
21,4936.71,2551.08,10.0245
22,4842.86,2499.92,10.0227
23,4934.19,2444.25,10.0235
24,4840.34,2393.11,10.0218
25,4931.66,2337.46,10.0225
26,4837.83,2286.34,10.0207
27,4929.14,2230.69,10.0215
28,4835.32,2179.59,10.0195
29,4926.62,2123.96,10.0202
30,4832.81,2072.88,10.0183
31,4924.1,2017.26,10.019
32,4830.3,1966.21,10.017
33,4921.58,1910.6,10.0177
34,4827.79,1859.57,10.0157
35,4919.06,1803.97,10.0163
36,4825.29,1752.97,10.0143
37,4916.54,1697.39,10.0149
38,4822.78,1646.41,10.0128
39,4914.02,1590.84,10.0133
40,4820.28,1539.89,10.0114
41,4911.51,1484.34,10.0118
42,4817.78,1433.42,10.0097
43,4908.99,1377.88,10.0102
44,4815.28,1326.98,10.0081
45,4906.48,1271.46,10.0085
46,4812.78,1220.6,10.0064
47,4903.96,1165.1,10.0069
48,4810.28,1114.26,10.0047
49,4901.45,1058.78,10.005
50,4807.79,1007.98,10.0028
51,4898.94,952.523,10.0032
52,4805.3,901.763,10.0009
53,4896.43,846.328,10.0013
54,4802.81,795.6080000000001,9.99897
55,4893.92,740.203,9.99922
56,4800.32,689.528,9.996830000000001
57,4891.42,634.1569999999999,9.99702
58,4779.28,3731.68,10.0244
59,4685.42,3680.39,10.0227
60,4776.74,3624.75,10.0248
61,4682.88,3573.46,10.023
62,4774.21,3517.8,10.025
63,4680.35,3466.52,10.0232
64,4771.68,3410.85,10.0251
65,4677.82,3359.58,10.0233
66,4769.15,3303.9,10.0251
67,4675.29,3252.65,10.0231
68,4766.63,3196.96,10.0249
69,4672.77,3145.71,10.0229
70,4764.1,3090.02,10.0247
71,4670.25,3038.79,10.0226
72,4761.59,2983.1,10.0243
73,4667.74,2931.89,10.0221
74,4759.07,2876.19,10.0238
75,4665.23,2825.0,10.0216
76,4756.56,2769.3,10.0231
77,4662.72,2718.13,10.0209
78,4754.04,2662.44,10.0224
79,4660.22,2611.28,10.0201
80,4751.53,2555.6,10.0216
81,4657.72,2504.46,10.0194
82,4749.03,2448.78,10.0207
83,4655.22,2397.67,10.0183
84,4746.52,2342.0,10.0196
85,4652.73,2290.9,10.0173
86,4744.02,2235.24,10.0186
87,4650.24,2184.17,10.0162
88,4741.52,2128.52,10.0174
89,4647.75,2077.48,10.015
90,4739.02,2021.84,10.0162
91,4645.27,1970.82,10.0137
92,4736.53,1915.19,10.0148
93,4642.78,1864.19,10.0124
94,4734.04,1808.58,10.0135
95,4640.3,1757.61,10.011
96,4731.54,1702.0,10.0121
97,4637.83,1651.06,10.0096
98,4729.05,1595.47,10.0106
99,4635.35,1544.55,10.0081
100,4726.56,1488.98,10.0091
101,4632.88,1438.09,10.0066
102,4724.08,1382.53,10.0075
103,4630.41,1331.67,10.005
104,4721.59,1276.13,10.0058
105,4627.94,1225.3,10.0033
106,4719.11,1169.77,10.0041
107,4625.47,1118.98,10.0015
108,4716.63,1063.47,10.0023
109,4623.01,1012.71,9.99976
110,4714.16,957.2239999999999,10.0005
111,4620.56,906.5039999999999,9.9978
112,4711.68,851.043,9.998489999999999
113,4618.1,800.365,9.9958
114,4709.21,744.932,9.99644
115,4596.66,3842.94,10.0199
116,4502.84,3791.65,10.0177
117,4594.11,3736.03,10.0204
118,4500.29,3684.75,10.0181
119,4591.57,3629.11,10.0207
120,4497.75,3577.84,10.0184
121,4589.03,3522.19,10.0209
122,4495.21,3470.92,10.0185
123,4586.5,3415.26,10.021
124,4492.68,3364.0,10.0186
125,4583.98,3308.33,10.021
126,4490.16,3257.08,10.0185
127,4581.45,3201.4,10.0208
128,4487.64,3150.17,10.0183
129,4578.94,3094.48,10.0206
130,4485.13,3043.27,10.018
131,4576.42,2987.58,10.0202
132,4482.62,2936.38,10.0176
133,4573.92,2880.69,10.0197
134,4480.12,2829.51,10.0171
135,4571.41,2773.82,10.0192
136,4477.63,2722.66,10.0164
137,4568.92,2666.97,10.0184
138,4475.14,2615.83,10.0157
139,4566.42,2560.14,10.0176
140,4472.66,2509.03,10.0149
141,4563.93,2453.34,10.0168
142,4470.18,2402.25,10.014
143,4561.45,2346.58,10.0158
144,4467.7,2295.51,10.013
145,4558.96,2239.84,10.0147
146,4465.23,2188.8,10.012
147,4556.49,2133.13,10.0136
148,4462.76,2082.12,10.0108
149,4554.01,2026.46,10.0124
150,4460.3,1975.47,10.0096
151,4551.54,1919.83,10.0112
152,4457.84,1868.86,10.0083
153,4549.07,1813.23,10.0098
154,4455.39,1762.29,10.007
155,4546.6,1706.67,10.0084
156,4452.94,1655.76,10.0056
157,4544.14,1600.15,10.007
158,4450.49,1549.27,10.0041
159,4541.68,1493.67,10.0055
160,4448.04,1442.82,10.0026
161,4539.22,1387.24,10.004
162,4445.6,1336.41,10.001
163,4536.77,1280.85,10.0023
164,4443.17,1230.06,9.999319999999999
165,4534.32,1174.51,10.0006
166,4440.73,1123.75,9.997630000000001
167,4531.87,1068.22,9.99875
168,4438.31,1017.5,9.99575
169,4529.43,961.992,9.99695
170,4435.88,911.313,9.9939
171,4526.99,855.826,9.99495
172,4414.16,3954.12,10.0141
173,4320.38,3902.83,10.0115
174,4411.59,3847.25,10.0147
175,4317.82,3795.97,10.0119
176,4409.04,3740.37,10.0152
177,4315.26,3689.09,10.0123
178,4406.49,3633.47,10.0155
179,4312.71,3582.21,10.0127
180,4403.95,3526.57,10.0157
181,4310.17,3475.31,10.0128
182,4401.41,3419.66,10.0158
183,4307.64,3368.42,10.0129
184,4398.89,3312.76,10.0158
185,4305.12,3261.53,10.0128
186,4396.37,3205.85,10.0157
187,4302.61,3154.64,10.0126
188,4393.86,3098.96,10.0154
189,4300.1,3047.76,10.0124
190,4391.35,2992.07,10.0151
191,4297.6,2940.9,10.012
192,4388.85,2885.21,10.0146
193,4295.11,2834.05,10.0115
194,4386.36,2778.36,10.0141
195,4292.63,2727.22,10.0109
196,4383.87,2671.53,10.0134
197,4290.15,2620.41,10.0103
198,4381.39,2564.72,10.0127
199,4287.68,2513.63,10.0095
200,4378.92,2457.94,10.0119
201,4285.22,2406.88,10.0087
202,4376.45,2351.19,10.011
203,4282.76,2300.15,10.0077
204,4373.99,2244.47,10.01
205,4280.31,2193.46,10.0067
206,4371.53,2137.78,10.0089
207,4277.86,2086.79,10.0057
208,4369.08,2031.13,10.0078
209,4275.42,1980.17,10.0046
210,4366.63,1924.51,10.0065
211,4272.99,1873.58,10.0033
212,4364.18,1817.93,10.0052
213,4270.56,1767.02,10.0021
214,4361.74,1711.38,10.0039
215,4268.13,1660.51,10.0007
216,4359.3,1604.88,10.0025
217,4265.71,1554.03,9.99929
218,4356.87,1498.42,10.0011
219,4263.29,1447.6,9.99778
220,4354.44,1392.0,9.99954
221,4260.88,1341.21,9.996260000000001
222,4352.02,1285.63,9.99795
223,4258.47,1234.87,9.994580000000001
224,4349.6,1179.3,9.996189999999999
225,4256.07,1128.59,9.99285
226,4347.19,1073.03,9.99446
227,4253.68,1022.36,9.991060000000001
228,4344.78,966.824,9.99263
229,4231.79,4065.21,10.0073
230,4138.07,4013.93,10.0042
231,4229.2,3958.39,10.0079
232,4135.48,3907.11,10.0048
233,4226.63,3851.55,10.0084
234,4132.91,3800.28,10.0053
235,4224.07,3744.7,10.0089
236,4130.35,3693.43,10.0057
237,4221.51,3637.83,10.0093
238,4127.8,3586.57,10.006
239,4218.97,3530.95,10.0094
240,4125.25,3479.71,10.0062
241,4216.43,3424.07,10.0096
242,4122.72,3372.84,10.0062
243,4213.9,3317.19,10.0096
244,4120.2,3265.98,10.0062
245,4211.39,3210.31,10.0096
246,4117.69,3159.12,10.006
247,4208.88,3103.44,10.0094
248,4115.19,3052.27,10.0058
249,4206.38,2996.59,10.0091
250,4112.69,2945.43,10.0055
251,4203.89,2889.74,10.0087
252,4110.21,2838.61,10.005
253,4201.41,2782.92,10.0082
254,4107.74,2731.8,10.0046
255,4198.93,2676.11,10.0076
256,4105.27,2625.02,10.004
257,4196.47,2569.33,10.0069
258,4102.82,2518.26,10.0033
259,4194.01,2462.57,10.0061
260,4100.37,2411.53,10.0025
261,4191.55,2355.84,10.0053
262,4097.93,2304.83,10.0017
263,4189.11,2249.14,10.0043
264,4095.49,2198.15,10.0007
265,4186.67,2142.47,10.0033
266,4093.07,2091.51,9.99977
267,4184.24,2035.84,10.0022
268,4090.65,1984.91,9.99868
269,4181.81,1929.24,10.0011
270,4088.23,1878.33,9.99751
271,4179.39,1822.67,9.9999
272,4085.82,1771.8,9.99635
273,4176.97,1716.15,9.99863
274,4083.42,1665.3,9.99502
275,4174.56,1609.66,9.99736
276,4081.03,1558.85,9.99368
277,4172.15,1503.22,9.99585
278,4078.64,1452.43,9.992239999999999
279,4169.75,1396.82,9.99436
280,4076.25,1346.07,9.99071
281,4167.36,1290.46,9.99277
282,4073.88,1239.75,9.98909
283,4164.97,1184.16,9.991060000000001
284,4071.51,1133.48,9.98737
285,4162.59,1077.91,9.98928
286,4049.58,4176.2,9.9995
287,3955.92,4124.92,9.99607
288,4046.97,4069.44,10.0002
289,3953.31,4018.16,9.99675
290,4044.38,3962.65,10.0009
291,3950.72,3911.38,9.99734
292,4041.79,3855.84,10.0014
293,3948.14,3804.57,9.9978
294,4039.22,3749.01,10.0018
295,3945.57,3697.76,9.99822
296,4036.66,3642.18,10.0022
297,3943.01,3590.93,9.998489999999999
298,4034.11,3535.33,10.0024
299,3940.46,3484.1,9.998660000000001
300,4031.57,3428.48,10.0026
301,3937.93,3377.27,9.99873
302,4029.05,3321.63,10.0026
303,3935.41,3270.43,9.99875
304,4026.53,3214.78,10.0025
305,3932.9,3163.61,9.99869
306,4024.02,3107.94,10.0023
307,3930.4,3056.79,9.99847
308,4021.53,3001.11,10.0021
309,3927.91,2949.98,9.99822
310,4019.05,2894.3,10.0018
311,3925.44,2843.18,9.99784
312,4016.57,2787.5,10.0013
313,3922.97,2736.41,9.99738
314,4014.11,2680.72,10.0008
315,3920.52,2629.65,9.99687
316,4011.65,2573.96,10.0002
317,3918.07,2522.92,9.99629
318,4009.21,2467.23,9.99952
319,3915.64,2416.21,9.99558
320,4006.77,2360.52,9.99872
321,3913.21,2309.53,9.994810000000001
322,4004.34,2253.84,9.99789
323,3910.8,2202.88,9.993960000000001
324,4001.92,2147.2,9.99697
325,3908.39,2096.27,9.99305
326,3999.51,2040.58,9.99596
327,3905.99,1989.68,9.99208
328,3997.1,1934.0,9.99492
329,3903.59,1883.13,9.99103
330,3994.7,1827.46,9.9938
331,3901.2,1776.62,9.98984
332,3992.3,1720.95,9.99258
333,3898.83,1670.14,9.98862
334,3989.92,1614.49,9.99127
335,3896.45,1563.71,9.98737
336,3987.54,1508.07,9.9899
337,3894.09,1457.32,9.98594
338,3985.16,1401.69,9.988430000000001
339,3891.73,1350.97,9.98439
340,3982.8,1295.35,9.98687
341,3889.39,1244.68,9.98279
342,3980.44,1189.07,9.98519
343,3867.54,4287.08,9.990969999999999
344,3773.95,4235.8,9.98728
345,3864.91,4180.38,9.991769999999999
346,3771.32,4129.1,9.988
347,3862.29,4073.64,9.992469999999999
348,3768.7,4022.37,9.988660000000001
349,3859.69,3966.89,9.99305
350,3766.1,3915.63,9.9892
351,3857.1,3860.11,9.99357
352,3763.51,3808.86,9.98964
353,3854.51,3753.32,9.994019999999999
354,3760.93,3702.08,9.99
355,3851.95,3646.52,9.99435
356,3758.37,3595.29,9.9903
357,3849.39,3539.71,9.994580000000001
358,3755.82,3488.49,9.9905
359,3846.85,3432.89,9.99474
360,3753.28,3381.69,9.9906
361,3844.32,3326.07,9.9948
362,3750.76,3274.89,9.99065
363,3841.81,3219.26,9.99474
364,3748.25,3168.1,9.9906
365,3839.31,3112.45,9.99465
366,3745.76,3061.31,9.99045
367,3836.82,3005.65,9.99445
368,3743.28,2954.54,9.99025
369,3834.34,2898.86,9.99414
370,3740.81,2847.77,9.98995
371,3831.87,2792.09,9.9938
372,3738.35,2741.03,9.98956
373,3829.42,2685.34,9.99333
374,3735.9,2634.3,9.98911
375,3826.97,2578.61,9.99279
376,3733.47,2527.6,9.988610000000001
377,3824.54,2471.91,9.992189999999999
378,3731.05,2420.92,9.98799
379,3822.11,2365.23,9.99152
380,3728.63,2314.27,9.9873
381,3819.7,2258.58,9.99076
382,3726.23,2207.65,9.98654
383,3817.29,2151.95,9.9899
384,3723.84,2101.05,9.98569
385,3814.9,2045.36,9.989
386,3721.45,1994.49,9.984810000000001
387,3812.51,1938.81,9.988
388,3719.08,1887.97,9.9838
389,3810.13,1832.29,9.986939999999999
390,3716.71,1781.48,9.98268
391,3807.76,1725.81,9.98578
392,3714.36,1675.03,9.981539999999999
393,3805.39,1619.36,9.98456
394,3712.01,1568.62,9.980260000000001
395,3803.04,1512.96,9.98317
396,3709.67,1462.25,9.978810000000001
397,3800.69,1406.61,9.98175
398,3707.34,1355.93,9.977319999999999
399,3798.35,1300.3,9.980139999999999
400,3685.7,4397.84,9.9819
401,3592.18,4346.57,9.97799
402,3683.04,4291.2,9.98271
403,3589.52,4239.93,9.97872
404,3680.4,4184.53,9.983419999999999
405,3586.88,4133.26,9.979410000000001
406,3677.77,4077.83,9.98407
407,3584.25,4026.57,9.97996
408,3675.15,3971.11,9.984630000000001
409,3581.63,3919.86,9.98048
410,3672.55,3864.37,9.98511
411,3579.04,3813.13,9.98093
412,3669.96,3757.62,9.98553
413,3576.45,3706.39,9.98129
414,3667.39,3650.85,9.98589
415,3573.88,3599.64,9.981580000000001
416,3664.83,3544.08,9.98611
417,3571.33,3492.88,9.981810000000001
418,3662.28,3437.3,9.98627
419,3568.79,3386.12,9.98193
420,3659.75,3330.51,9.986360000000001
421,3566.27,3279.36,9.98199
422,3657.24,3223.74,9.98638
423,3563.76,3172.6,9.98199
424,3654.74,3116.96,9.9863
425,3561.27,3065.85,9.981869999999999
426,3652.25,3010.2,9.986130000000001
427,3558.79,2959.1,9.98175
428,3649.78,2903.44,9.98594
429,3556.33,2852.38,9.981489999999999
430,3647.32,2796.71,9.98564
431,3553.87,2745.66,9.981160000000001
432,3644.87,2689.99,9.98522
433,3551.44,2638.97,9.98077
434,3642.43,2583.29,9.98479
435,3549.01,2532.3,9.980319999999999
436,3640.01,2476.61,9.98425
437,3546.6,2425.65,9.97981
438,3637.6,2369.96,9.98365
439,3544.2,2319.03,9.97917
440,3635.2,2263.34,9.98297
441,3541.81,2212.43,9.97852
442,3632.81,2156.74,9.98223
443,3539.43,2105.87,9.97772
444,3630.43,2050.18,9.98137
445,3537.06,1999.34,9.97689
446,3628.06,1943.65,9.98046
447,3534.71,1892.84,9.97594
448,3625.69,1837.16,9.97943
449,3532.36,1786.38,9.97485
450,3623.34,1730.7,9.9783
451,3530.02,1679.95,9.97369
452,3621.0,1624.28,9.9771
453,3527.7,1573.57,9.97241
454,3618.67,1517.91,9.97574
455,3525.39,1467.23,9.97095
456,3616.35,1411.58,9.974260000000001
457,3504.05,4508.48,9.972380000000001
458,3410.61,4457.2,9.96825
459,3501.37,4401.9,9.97316
460,3407.92,4350.63,9.96902
461,3498.7,4295.3,9.973930000000001
462,3405.25,4244.03,9.96968
463,3496.04,4188.66,9.9746
464,3402.6,4137.4,9.97034
465,3493.4,4082.0,9.97522
466,3399.96,4030.75,9.97086
467,3490.77,3975.32,9.97573
468,3397.34,3924.08,9.97134
469,3488.16,3868.62,9.9762
470,3394.73,3817.39,9.97177
471,3485.57,3761.9,9.976560000000001
472,3392.14,3710.69,9.97211
473,3482.99,3655.18,9.9769
474,3389.56,3603.98,9.9724
475,3480.42,3548.44,9.977160000000001
476,3387.01,3497.26,9.97262
477,3477.88,3441.7,9.97733
478,3384.47,3390.54,9.97278
479,3475.34,3334.96,9.97747
480,3381.94,3283.82,9.97289
481,3472.83,3228.22,9.9775
482,3379.43,3177.1,9.97288
483,3470.33,3121.48,9.97747
484,3376.94,3070.38,9.97283
485,3467.84,3014.75,9.97734
486,3374.47,2963.68,9.97274
487,3465.37,2908.04,9.97717
488,3372.01,2856.99,9.97252
489,3462.92,2801.33,9.97693
490,3369.56,2750.31,9.97229
491,3460.48,2694.65,9.97665
492,3367.13,2643.65,9.97195
493,3458.05,2587.98,9.97625
494,3364.71,2537.02,9.97156
495,3455.64,2481.34,9.97578
496,3362.31,2430.4,9.971110000000001
497,3453.23,2374.72,9.97523
498,3359.92,2323.81,9.97053
499,3450.84,2268.12,9.97461
500,3357.54,2217.25,9.96989
501,3448.47,2161.56,9.9739
502,3355.18,2110.71,9.96915
503,3446.1,2055.02,9.97312
504,3352.82,2004.21,9.96833
505,3443.75,1948.52,9.97222
506,3350.48,1897.74,9.967369999999999
507,3441.41,1842.06,9.97123
508,3348.16,1791.31,9.96632
509,3439.07,1735.63,9.970089999999999
510,3345.84,1684.92,9.9651
511,3436.76,1629.24,9.968869999999999
512,3343.54,1578.57,9.96377
513,3434.45,1522.9,9.96744
514,3322.62,4618.97,9.962439999999999
515,3229.25,4567.71,9.958169999999999
516,3319.9,4512.47,9.963239999999999
517,3226.54,4461.21,9.958910000000001
518,3317.2,4405.94,9.964030000000001
519,3223.84,4354.67,9.95967
520,3314.52,4299.37,9.9647
521,3221.16,4248.11,9.96027
522,3311.85,4192.77,9.96536
523,3218.49,4141.53,9.96086
524,3309.2,4086.16,9.96593
525,3215.84,4034.92,9.96138
526,3306.56,3979.51,9.966389999999999
527,3213.21,3928.29,9.96185
528,3303.94,3872.86,9.96683
529,3210.6,3821.64,9.96223
530,3301.34,3766.18,9.967210000000001
531,3208.0,3714.98,9.9626
532,3298.76,3659.5,9.96754
533,3205.42,3608.32,9.96288
534,3296.19,3552.8,9.967789999999999
535,3202.86,3501.64,9.9631
536,3293.64,3446.1,9.967989999999999
537,3200.31,3394.96,9.96326
538,3291.1,3339.4,9.968119999999999
539,3197.79,3288.28,9.96337
540,3288.59,3232.7,9.968210000000001
541,3195.28,3181.6,9.9634
542,3286.09,3126.0,9.968210000000001
543,3192.79,3074.93,9.96338
544,3283.6,3019.31,9.96809
545,3190.31,2968.26,9.96331
546,3281.14,2912.63,9.968010000000001
547,3187.86,2861.61,9.96318
548,3278.69,2805.97,9.9678
549,3185.42,2754.97,9.96295
550,3276.25,2699.32,9.96754
551,3182.99,2648.35,9.96265
552,3273.83,2592.69,9.9672
553,3180.58,2541.75,9.96228
554,3271.42,2486.08,9.96676
555,3178.18,2435.17,9.96185
556,3269.03,2379.49,9.96626
557,3175.8,2328.61,9.961319999999999
558,3266.65,2272.93,9.9657
559,3173.44,2222.08,9.96068
560,3264.29,2166.4,9.965010000000001
561,3171.09,2115.58,9.95994
562,3261.94,2059.9,9.96422
563,3168.75,2009.12,9.95908
564,3259.6,1953.43,9.963330000000001
565,3166.43,1902.68,9.95807
566,3257.27,1847.0,9.96232
567,3164.12,1796.28,9.95693
568,3254.97,1740.6,9.96112
569,3161.83,1689.93,9.95566
570,3252.67,1634.25,9.95984
571,3141.4,4729.33,9.95205
572,3048.11,4678.07,9.947610000000001
573,3138.65,4622.91,9.95294
574,3045.37,4571.65,9.94841
575,3135.93,4516.44,9.95374
576,3042.64,4465.19,9.94917
577,3133.21,4409.95,9.95447
578,3039.93,4358.7,9.94985
579,3130.52,4303.42,9.95509
580,3037.24,4252.18,9.95045
581,3127.84,4196.87,9.95573
582,3034.56,4145.64,9.951030000000001
583,3125.18,4090.29,9.95627
584,3031.9,4039.07,9.95153
585,3122.53,3983.69,9.95673
586,3029.26,3932.48,9.95195
587,3119.9,3877.08,9.95715
588,3026.64,3825.88,9.95239
589,3117.29,3770.45,9.95752
590,3024.04,3719.27,9.952689999999999
591,3114.7,3663.8,9.95782
592,3021.45,3612.64,9.95298
593,3112.13,3557.15,9.958039999999999
594,3018.89,3506.01,9.9532
595,3109.58,3450.5,9.95828
596,3016.34,3399.37,9.95337
597,3107.04,3343.84,9.95842
598,3013.81,3292.74,9.95348
599,3104.52,3237.18,9.95851
600,3011.3,3186.1,9.95355
601,3102.02,3130.52,9.95852
602,3008.81,3079.47,9.95354
603,3099.54,3023.88,9.95847
604,3006.34,2972.85,9.95347
605,3097.07,2917.24,9.95836
606,3003.89,2866.24,9.95337
607,3094.63,2810.61,9.9582
608,3001.45,2759.64,9.95314
609,3092.2,2704.0,9.95797
610,2999.03,2653.06,9.95284
611,3089.78,2597.41,9.95765
612,2996.62,2546.5,9.9525
613,3087.38,2490.84,9.957239999999999
614,2994.24,2439.95,9.952
615,3085.0,2384.29,9.956760000000001
616,2991.87,2333.44,9.95145
617,3082.63,2277.76,9.95615
618,2989.51,2226.94,9.95078
619,3080.28,2171.27,9.95543
620,2987.18,2120.48,9.94998
621,3077.94,2064.8,9.95461
622,2984.86,2014.05,9.94904
623,3075.62,1958.37,9.953669999999999
624,2982.55,1907.66,9.9479
625,3073.32,1851.97,9.95256
626,2980.27,1801.3,9.94667
627,3071.03,1745.61,9.95129
628,2960.41,4839.55,9.941139999999999
629,2867.21,4788.29,9.93639
630,2957.63,4733.2,9.942110000000001
631,2864.43,4681.94,9.9373
632,2954.87,4626.81,9.94299
633,2861.68,4575.56,9.93812
634,2952.13,4520.39,9.94373
635,2858.93,4469.15,9.93892
636,2949.4,4413.94,9.944469999999999
637,2856.21,4362.7,9.9396
638,2946.7,4307.46,9.94513
639,2853.51,4256.23,9.94022
640,2944.01,4200.95,9.9457
641,2850.82,4149.73,9.94077
642,2941.33,4094.41,9.94619
643,2848.15,4043.21,9.941239999999999
644,2938.68,3987.86,9.946660000000001
645,2845.5,3936.67,9.94169
646,2936.04,3881.29,9.94706
647,2842.87,3830.11,9.94208
648,2933.43,3774.7,9.947460000000001
649,2840.27,3723.54,9.94238
650,2930.83,3668.11,9.94775
651,2837.68,3616.96,9.94266
652,2928.26,3561.5,9.948
653,2835.11,3510.38,9.94287
654,2925.7,3454.89,9.948189999999999
655,2832.56,3403.79,9.94304
656,2923.16,3348.27,9.94834
657,2830.03,3297.19,9.94315
658,2920.64,3241.66,9.94841
659,2827.52,3190.6,9.9432
660,2918.14,3135.05,9.94846
661,2825.02,3084.02,9.94319
662,2915.66,3028.44,9.94839
663,2822.55,2977.44,9.9431
664,2913.19,2921.85,9.94829
665,2820.1,2870.87,9.942969999999999
666,2910.75,2815.26,9.94813
667,2817.67,2764.32,9.942739999999999
668,2908.32,2708.69,9.94786
669,2815.25,2657.78,9.9424
670,2905.91,2602.14,9.947510000000001
671,2812.86,2551.26,9.94202
672,2903.52,2495.61,9.94708
673,2810.48,2444.75,9.94143
674,2901.15,2389.1,9.94656
675,2808.12,2338.28,9.94077
676,2898.79,2282.62,9.9459
677,2805.78,2231.83,9.94
678,2896.45,2176.16,9.9451
679,2803.46,2125.41,9.93907
680,2894.13,2069.73,9.944180000000001
681,2801.16,2019.02,9.93799
682,2891.83,1963.34,9.94307
683,2798.88,1912.67,9.93671
684,2889.55,1856.98,9.94181
685,2779.66,4949.61,9.929310000000001
686,2686.56,4898.36,9.92415
687,2776.85,4843.34,9.93041
688,2683.75,4792.09,9.925239999999999
689,2774.06,4737.04,9.93143
690,2680.95,4685.79,9.92623
691,2771.28,4630.69,9.932310000000001
692,2678.18,4579.45,9.92715
693,2768.52,4524.32,9.93317
694,2675.42,4473.08,9.92794
695,2765.79,4417.91,9.933869999999999
696,2672.69,4366.68,9.92865
697,2763.07,4311.47,9.93453
698,2669.97,4260.25,9.9293
699,2760.36,4205.01,9.935130000000001
700,2667.27,4153.8,9.9299
701,2757.68,4098.52,9.93568
702,2664.6,4047.33,9.93037
703,2755.02,3992.01,9.936160000000001
704,2661.94,3940.84,9.9308
705,2752.38,3885.49,9.93652
706,2659.3,3834.33,9.9312
707,2749.76,3778.95,9.9369
708,2656.69,3727.81,9.931510000000001
709,2747.15,3672.4,9.93719
710,2654.09,3621.27,9.9318
711,2744.57,3565.84,9.93743
712,2651.52,3514.74,9.93202
713,2742.01,3459.27,9.9376
714,2648.97,3408.19,9.932139999999999
715,2739.47,3352.7,9.93776
716,2646.44,3301.65,9.93225
717,2736.95,3246.14,9.93782
718,2643.92,3195.1,9.93224
719,2734.45,3139.57,9.93781
720,2641.43,3088.57,9.93218
721,2731.97,3033.01,9.937710000000001
722,2638.96,2982.03,9.93206
723,2729.51,2926.46,9.937619999999999
724,2636.51,2875.51,9.93182
725,2727.06,2819.92,9.93741
726,2634.09,2769.0,9.93148
727,2724.64,2713.4,9.93705
728,2631.68,2662.51,9.93112
729,2722.24,2606.89,9.93665
730,2629.29,2556.03,9.93058
731,2719.86,2500.4,9.93613
732,2626.92,2449.58,9.9299
733,2717.5,2393.93,9.93542
734,2624.58,2343.14,9.929089999999999
735,2715.15,2287.49,9.93468
736,2622.25,2236.74,9.928139999999999
737,2712.83,2181.08,9.93372
738,2619.95,2130.37,9.92695
739,2710.53,2074.7,9.93259
740,2617.68,2024.03,9.92562
741,2708.25,1968.35,9.9313
742,2599.19,5059.5,9.916
743,2506.19,5008.25,9.91019
744,2596.34,4953.32,9.91741
745,2503.33,4902.07,9.911610000000001
746,2593.5,4847.1,9.91864
747,2500.5,4795.86,9.912930000000001
748,2590.69,4740.84,9.9198
749,2497.69,4689.6,9.91403
750,2587.9,4634.55,9.92079
751,2494.89,4583.31,9.91508
752,2585.12,4528.22,9.92169
753,2492.12,4476.99,9.915939999999999
754,2582.37,4421.85,9.9225
755,2489.37,4370.64,9.9168
756,2579.64,4315.46,9.92322
757,2486.64,4264.26,9.91748
758,2576.92,4209.05,9.92384
759,2483.93,4157.86,9.91809
760,2574.23,4102.61,9.92441
761,2481.25,4051.43,9.918660000000001
762,2571.56,3996.15,9.92487
763,2478.58,3944.99,9.919089999999999
764,2568.91,3889.67,9.925289999999999
765,2475.94,3838.53,9.91948
766,2566.28,3783.18,9.92562
767,2473.32,3732.06,9.9198
768,2563.68,3676.68,9.92595
769,2470.72,3625.58,9.92008
770,2561.09,3570.17,9.926169999999999
771,2468.14,3519.09,9.92025
772,2558.52,3463.65,9.92633
773,2465.59,3412.6,9.92035
774,2555.98,3357.13,9.92643
775,2463.05,3306.1,9.92037
776,2553.46,3250.61,9.92645
777,2460.54,3199.61,9.92035
778,2550.96,3144.1,9.92639
779,2458.06,3093.12,9.92021
780,2548.48,3037.59,9.92627
781,2455.59,2986.63,9.91997
782,2546.02,2931.08,9.92605
783,2453.15,2880.16,9.91964
784,2543.59,2824.59,9.9257
785,2450.72,2773.7,9.91917
786,2541.17,2718.11,9.92528
787,2448.33,2667.25,9.918569999999999
788,2538.78,2611.65,9.92473
789,2445.95,2560.82,9.91785
790,2536.41,2505.21,9.92402
791,2443.6,2454.42,9.917019999999999
792,2534.06,2398.79,9.923210000000001
793,2441.27,2348.04,9.91593
794,2531.73,2292.39,9.922189999999999
795,2438.97,2241.68,9.91462
796,2529.43,2186.03,9.92095
797,2436.69,2135.36,9.91315
798,2527.15,2079.7,9.91957
799,5147.26,3616.0,10.0296
800,5149.78,3722.96,10.0292
801,5055.88,3671.67,10.0286
802,5058.4,3778.62,10.0281
803,4964.51,3727.33,10.0274
804,4967.04,3834.27,10.0269
805,4873.15,3782.97,10.0259
806,4875.69,3889.9,10.0253
807,4781.81,3838.61,10.0239
808,4784.35,3945.52,10.0234
809,4690.5,3894.23,10.0218
810,4693.05,4001.12,10.021
811,4599.21,3949.83,10.0193
812,4601.77,4056.7,10.0185
813,4507.95,4005.41,10.0164
814,4510.52,4112.25,10.0157
815,4416.72,4060.96,10.0134
816,4419.3,4167.79,10.0126
817,4325.53,4116.5,10.01
818,4328.12,4223.29,10.0092
819,4234.38,4172.01,10.0064
820,4236.98,4278.78,10.0056
821,4143.26,4227.49,10.0027
822,4145.87,4334.23,10.0018
823,4052.19,4282.94,9.99863
824,4054.81,4389.65,9.99773
825,3961.16,4338.37,9.99443
826,3963.8,4445.04,9.99353
827,3870.18,4393.76,9.9901
828,3872.83,4500.4,9.989139999999999
829,3779.25,4449.12,9.985619999999999
830,3781.91,4555.73,9.98466
831,3688.36,4504.45,9.98099
832,3691.04,4611.03,9.98007
833,3597.53,4559.75,9.97632
834,3600.23,4666.29,9.97534
835,3506.75,4615.02,9.97146
836,3509.46,4721.52,9.97052
837,3416.02,4670.25,9.96652
838,3418.74,4776.71,9.965589999999999
839,3325.34,4725.44,9.96154
840,3328.08,4831.87,9.96053
841,3234.72,4780.6,9.9564
842,3237.48,4886.99,9.95538
843,3144.15,4835.73,9.95116
844,3146.93,4942.08,9.95011
845,3053.65,4890.81,9.94568
846,3056.44,4997.12,9.94464
847,2963.2,4945.86,9.9401
848,2966.0,5052.13,9.93896
849,2872.81,5000.87,9.934239999999999
850,2875.64,5107.1,9.933019999999999
851,2782.49,5055.84,9.9281
852,2785.34,5162.02,9.92672
853,2692.24,5110.76,9.921510000000001
854,2695.11,5216.89,9.91998
855,2602.06,5165.64,9.91443
856,5335.08,3718.59,10.0298
857,5337.59,3825.55,10.0292
858,5243.69,3774.26,10.0293
859,5246.2,3881.2,10.0288
860,5152.3,3829.91,10.0287
861,5154.82,3936.85,10.0281
862,5060.93,3885.56,10.0276
863,5063.45,3992.48,10.0269
864,4969.56,3941.19,10.0263
865,4972.09,4048.09,10.0255
866,4878.22,3996.81,10.0246
867,4880.76,4103.69,10.0238
868,4786.9,4052.41,10.0225
869,4789.44,4159.27,10.0217
870,4695.6,4107.98,10.0203
871,4698.15,4214.83,10.0194
872,4604.33,4163.54,10.0177
873,4606.89,4270.36,10.0167
874,4513.09,4219.07,10.0148
875,4515.66,4325.86,10.0138
876,4421.88,4274.58,10.0116
877,4424.47,4381.34,10.0106
878,4330.71,4330.06,10.0083
879,4333.31,4436.79,10.0072
880,4239.58,4385.51,10.0046
881,4242.2,4492.22,10.0034
882,4148.49,4440.93,10.0008
883,4151.12,4547.61,9.99963
884,4057.45,4496.33,9.9967
885,4060.09,4602.96,9.99558
886,3966.45,4551.69,9.99248
887,3969.11,4658.29,9.99137
888,3875.5,4607.01,9.9881
889,3878.17,4713.58,9.98702
890,3784.59,4662.31,9.98364
891,3787.28,4768.84,9.98252
892,3693.74,4717.57,9.97902
893,3696.44,4824.06,9.977889999999999
894,3602.93,4772.79,9.97432
895,3605.65,4879.25,9.973180000000001
896,3512.18,4827.98,9.96947
897,3514.91,4934.41,9.96835
898,3421.48,4883.14,9.96456
899,3424.23,4989.52,9.96343
900,3330.84,4938.26,9.95951
901,3333.6,5044.6,9.95839
902,3240.25,4993.34,9.95432
903,3243.03,5099.64,9.95312
904,3149.71,5048.38,9.949
905,3152.51,5154.65,9.94777
906,3059.24,5103.39,9.943480000000001
907,3062.06,5209.61,9.94219
908,2968.83,5158.35,9.9377
909,2971.66,5264.53,9.93635
910,2878.48,5213.28,9.93165
911,2881.34,5319.41,9.9301
912,2788.2,5268.15,9.925180000000001
913,5522.88,3821.17,10.0287
914,5525.37,3928.11,10.0281
915,5431.49,3876.83,10.0289
916,5433.98,3983.77,10.0281
917,5340.09,3932.49,10.0286
918,5342.59,4039.41,10.0279
919,5248.71,3988.13,10.0281
920,5251.21,4095.04,10.0273
921,5157.33,4043.76,10.0272
922,5159.84,4150.65,10.0264
923,5065.97,4099.38,10.0261
924,5068.49,4206.25,10.0252
925,4974.62,4154.97,10.0247
926,4977.15,4261.82,10.0237
927,4883.29,4210.55,10.0228
928,4885.83,4317.38,10.0218
929,4791.99,4266.11,10.0207
930,4794.54,4372.91,10.0196
931,4700.71,4321.64,10.0183
932,4703.27,4428.41,10.0172
933,4609.46,4377.14,10.0156
934,4612.03,4483.89,10.0144
935,4518.24,4432.62,10.0126
936,4520.83,4539.34,10.0114
937,4427.06,4488.07,10.0094
938,4429.66,4594.76,10.0082
939,4335.92,4543.49,10.0059
940,4338.53,4650.15,10.0047
941,4244.82,4598.88,10.0023
942,4247.44,4705.51,10.001
943,4153.76,4654.24,9.998460000000001
944,4156.4,4760.83,9.99717
945,4062.74,4709.56,9.99438
946,4065.4,4816.12,9.99307
947,3971.77,4764.85,9.990160000000001
948,3974.44,4871.37,9.98885
949,3880.85,4820.11,9.9858
950,3883.54,4926.59,9.98452
951,3789.97,4875.33,9.98135
952,3792.68,4981.78,9.98005
953,3699.15,4930.52,9.97673
954,3701.87,5036.93,9.97545
955,3608.38,4985.67,9.97202
956,3611.12,5092.04,9.97074
957,3517.66,5040.78,9.96718
958,3520.41,5147.12,9.965910000000001
959,3426.99,5095.86,9.96223
960,3429.76,5202.15,9.960930000000001
961,3336.38,5150.9,9.95715
962,3339.17,5257.15,9.955860000000001
963,3245.82,5205.9,9.95192
964,3248.63,5312.11,9.950560000000001
965,3155.33,5260.86,9.946480000000001
966,3158.15,5367.03,9.945030000000001
967,3064.89,5315.78,9.94078
968,3067.74,5421.9,9.93925
969,2974.52,5370.66,9.9348
970,5710.63,3923.72,10.0266
971,5713.1,4030.65,10.0258
972,5619.25,3979.38,10.027
973,5621.72,4086.3,10.0262
974,5527.86,4035.04,10.0273
975,5530.34,4141.94,10.0264
976,5436.47,4090.68,10.0272
977,5438.96,4197.56,10.0264
978,5345.09,4146.31,10.0269
979,5347.58,4253.18,10.026
980,5253.72,4201.92,10.0264
981,5256.21,4308.77,10.0252
982,5162.35,4257.51,10.0254
983,5164.86,4364.34,10.0242
984,5071.0,4313.09,10.0241
985,5073.52,4419.9,10.0229
986,4979.68,4368.64,10.0225
987,4982.2,4475.43,10.0213
988,4888.37,4424.17,10.0207
989,4890.91,4530.93,10.0193
990,4797.08,4479.68,10.0184
991,4799.64,4586.41,10.017
992,4705.83,4535.15,10.0159
993,4708.39,4641.86,10.0145
994,4614.61,4590.6,10.0131
995,4617.19,4697.27,10.0117
996,4523.42,4646.02,10.0101
997,4526.01,4752.66,10.0086
998,4432.26,4701.41,10.0068
999,4434.87,4808.02,10.0054
1000,4341.15,4756.77,10.0033
1001,4343.77,4863.34,10.0019
1002,4250.08,4812.09,9.99963
1003,4252.72,4918.63,9.99819
1004,4159.05,4867.38,9.99575
1005,4161.7,4973.88,9.99434
1006,4068.06,4922.63,9.991719999999999
1007,4070.74,5029.1,9.9903
1008,3977.13,4977.85,9.98749
1009,3979.81,5084.28,9.9861
1010,3886.24,5033.03,9.983189999999999
1011,3888.94,5139.43,9.98177
1012,3795.39,5088.18,9.978710000000001
1013,3798.12,5194.53,9.97729
1014,3704.6,5143.29,9.97415
1015,3707.34,5249.61,9.972719999999999
1016,3613.86,5198.37,9.9694
1017,3616.62,5304.64,9.967989999999999
1018,3523.18,5253.4,9.96459
1019,3525.95,5359.64,9.96312
1020,3432.54,5308.4,9.959589999999999
1021,3435.33,5414.59,9.958110000000001
1022,3341.97,5363.36,9.954419999999999
1023,3344.78,5469.51,9.952910000000001
1024,3251.45,5418.27,9.949069999999999
1025,3254.28,5524.38,9.94747
1026,3160.99,5473.15,9.94347
1027,5898.31,4026.24,10.0232
1028,5900.76,4133.13,10.0224
1029,5806.94,4081.9,10.0241
1030,5809.39,4188.78,10.0233
1031,5715.57,4137.55,10.0249
1032,5718.02,4244.42,10.024
1033,5624.19,4193.18,10.0253
1034,5626.65,4300.04,10.0243
1035,5532.81,4248.81,10.0255
1036,5535.27,4355.65,10.0244
1037,5441.43,4304.42,10.0253
1038,5443.91,4411.24,10.0242
1039,5350.07,4360.01,10.0249
1040,5352.55,4466.81,10.0237
1041,5258.71,4415.59,10.0241
1042,5261.2,4522.37,10.0228
1043,5167.36,4471.14,10.023
1044,5169.86,4577.89,10.0216
1045,5076.03,4526.67,10.0216
1046,5078.55,4633.4,10.0202
1047,4984.73,4582.17,10.0199
1048,4987.25,4688.87,10.0184
1049,4893.44,4637.65,10.0179
1050,4895.98,4744.32,10.0164
1051,4802.19,4693.1,10.0156
1052,4804.74,4799.74,10.014
1053,4710.96,4748.51,10.013
1054,4713.53,4855.13,10.0115
1055,4619.77,4803.9,10.0102
1056,4622.35,4910.48,10.0086
1057,4528.61,4859.25,10.0071
1058,4531.21,4965.8,10.0055
1059,4437.48,4914.58,10.0038
1060,4440.1,5021.09,10.0022
1061,4346.4,4969.86,10.0003
1062,4349.03,5076.34,9.99868
1063,4255.36,5025.12,9.99666
1064,4258.01,5131.56,9.99507
1065,4164.37,5080.33,9.99277
1066,4167.03,5186.74,9.99119
1067,4073.41,5135.51,9.98877
1068,4076.1,5241.88,9.987110000000001
1069,3982.51,5190.66,9.98457
1070,3985.21,5296.99,9.98303
1071,3891.65,5245.77,9.980260000000001
1072,3894.37,5352.06,9.97867
1073,3800.84,5300.84,9.975810000000001
1074,3803.58,5407.09,9.97424
1075,3710.09,5355.87,9.97123
1076,3712.84,5462.08,9.96964
1077,3619.38,5410.87,9.9665
1078,3622.16,5517.04,9.9649
1079,3528.73,5465.82,9.96158
1080,3531.52,5571.95,9.95999
1081,3438.14,5520.73,9.95652
1082,3440.95,5626.82,9.9549
1083,3347.6,5575.6,9.95128
1084,6085.9,4128.7,10.0191
1085,6088.32,4235.56,10.0182
1086,5994.55,4184.35,10.0204
1087,5996.98,4291.21,10.0194
1088,5903.2,4240.0,10.0215
1089,5905.62,4346.84,10.0205
1090,5811.83,4295.64,10.0223
1091,5814.26,4402.46,10.0212
1092,5720.47,4351.26,10.0229
1093,5722.9,4458.07,10.0217
1094,5629.1,4406.87,10.0232
1095,5631.54,4513.65,10.022
1096,5537.73,4462.46,10.0232
1097,5540.18,4569.23,10.0219
1098,5446.37,4518.03,10.0229
1099,5448.83,4624.77,10.0215
1100,5355.02,4573.58,10.0223
1101,5357.49,4680.3,10.0208
1102,5263.68,4629.11,10.0214
1103,5266.17,4735.8,10.0198
1104,5172.36,4684.61,10.0202
1105,5174.86,4791.28,10.0186
1106,5081.06,4740.08,10.0187
1107,5083.57,4846.73,10.017
1108,4989.78,4795.53,10.0169
1109,4992.3,4902.14,10.0152
1110,4898.52,4850.95,10.0147
1111,4901.06,4957.53,10.0131
1112,4807.29,4906.34,10.0125
1113,4809.85,5012.88,10.0107
1114,4716.1,4961.69,10.0098
1115,4718.67,5068.21,10.0081
1116,4624.93,5017.01,10.007
1117,4627.52,5123.49,10.0052
1118,4533.81,5072.3,10.0039
1119,4536.41,5178.75,10.0021
1120,4442.72,5127.55,10.0006
1121,4445.34,5233.96,9.99873
1122,4351.67,5182.77,9.99702
1123,4354.31,5289.14,9.99531
1124,4260.66,5237.95,9.99333
1125,4263.32,5344.29,9.99158
1126,4169.7,5293.09,9.9895
1127,4172.38,5399.39,9.98784
1128,4078.79,5348.2,9.985489999999999
1129,4081.48,5454.46,9.98376
1130,3987.92,5403.27,9.98135
1131,3990.63,5509.49,9.97963
1132,3897.09,5458.3,9.97706
1133,3899.82,5564.48,9.97531
1134,3806.32,5513.29,9.9726
1135,3809.07,5619.43,9.97085
1136,3715.6,5568.24,9.96798
1137,3718.37,5674.34,9.966239999999999
1138,3624.94,5623.15,9.96321
1139,3627.73,5729.21,9.9614
1140,3534.32,5678.02,9.958219999999999
1141,6273.38,4231.1,10.0142
1142,6275.77,4337.92,10.0133
1143,6182.06,4286.75,10.0158
1144,6184.45,4393.56,10.0149
1145,6090.73,4342.39,10.0173
1146,6093.12,4449.19,10.0162
1147,5999.39,4398.02,10.0184
1148,6001.79,4504.81,10.0173
1149,5908.04,4453.64,10.0193
1150,5910.44,4560.41,10.0181
1151,5816.68,4509.25,10.02
1152,5819.1,4616.0,10.0188
1153,5725.33,4564.83,10.0205
1154,5727.75,4671.56,10.0191
1155,5633.98,4620.4,10.0206
1156,5636.4,4727.11,10.0192
1157,5542.63,4675.95,10.0205
1158,5545.07,4782.64,10.0189
1159,5451.29,4731.48,10.0201
1160,5453.74,4838.14,10.0185
1161,5359.96,4786.98,10.0193
1162,5362.42,4893.61,10.0177
1163,5268.64,4842.45,10.0183
1164,5271.12,4949.06,10.0166
1165,5177.35,4897.9,10.0169
1166,5179.84,5004.48,10.0153
1167,5086.07,4953.32,10.0154
1168,5088.58,5059.86,10.0136
1169,4994.82,5008.71,10.0135
1170,4997.34,5115.22,10.0117
1171,4903.6,5064.06,10.0113
1172,4906.13,5170.54,10.0094
1173,4812.4,5119.38,10.0089
1174,4814.96,5225.83,10.007
1175,4721.24,5174.67,10.0062
1176,4723.81,5281.08,10.0044
1177,4630.11,5229.92,10.0034
1178,4632.7,5336.3,10.0015
1179,4539.02,5285.14,10.0003
1180,4541.62,5391.48,9.998389999999999
1181,4447.96,5340.32,9.997
1182,4450.59,5446.62,9.99512
1183,4356.95,5395.46,9.99348
1184,4359.6,5501.73,9.99158
1185,4265.98,5450.57,9.98977
1186,4268.65,5556.8,9.98789
1187,4175.06,5505.64,9.98589
1188,4177.74,5611.83,9.984060000000001
1189,4084.18,5560.67,9.98195
1190,4086.88,5666.82,9.9801
1191,3993.34,5615.66,9.9778
1192,3996.07,5721.77,9.9759
1193,3902.56,5670.61,9.97349
1194,3905.3,5776.68,9.971589999999999
1195,3811.83,5725.52,9.96903
1196,3814.59,5831.55,9.9671
1197,3721.15,5780.39,9.964319999999999
1198,6460.73,4333.43,10.0088
1199,6463.09,4440.21,10.008
1200,6369.44,4389.08,10.0106
1201,6371.8,4495.85,10.0097
1202,6278.14,4444.71,10.0124
1203,6280.51,4551.47,10.0113
1204,6186.83,4500.34,10.0138
1205,6189.2,4607.08,10.0127
1206,6095.51,4555.95,10.0151
1207,6097.88,4662.68,10.0139
1208,6004.17,4611.55,10.0161
1209,6006.55,4718.26,10.0148
1210,5912.84,4667.14,10.0169
1211,5915.22,4773.82,10.0156
1212,5821.5,4722.7,10.0174
1213,5823.89,4829.37,10.0159
1214,5730.16,4778.25,10.0177
1215,5732.56,4884.89,10.0161
1216,5638.83,4833.77,10.0177
1217,5641.24,4940.39,10.016
1218,5547.5,4889.27,10.0174
1219,5549.93,4995.86,10.0157
1220,5456.18,4944.75,10.0168
1221,5458.62,5051.31,10.0151
1222,5364.88,5000.19,10.0159
1223,5367.33,5106.73,10.0141
1224,5273.59,5055.61,10.0148
1225,5276.06,5162.11,10.013
1226,5182.33,5111.0,10.0134
1227,5184.81,5217.47,10.0115
1228,5091.08,5166.35,10.0117
1229,5093.58,5272.79,10.0098
1230,4999.86,5221.68,10.0098
1231,5002.38,5328.08,10.0078
1232,4908.67,5276.97,10.0076
1233,4911.21,5383.34,10.0056
1234,4817.51,5332.22,10.0051
1235,4820.06,5438.56,10.0031
1236,4726.38,5387.44,10.0024
1237,4728.95,5493.74,10.0004
1238,4635.29,5442.62,9.99949
1239,4637.88,5548.89,9.99751
1240,4544.23,5497.77,9.99644
1241,4546.84,5603.99,9.99436
1242,4453.22,5552.87,9.99307
1243,4455.85,5659.06,9.99111
1244,4362.24,5607.94,9.9896
1245,4364.89,5714.1,9.98762
1246,4271.31,5662.97,9.98599
1247,4273.98,5769.09,9.983939999999999
1248,4180.42,5717.96,9.9821
1249,4183.11,5824.04,9.98018
1250,4089.58,5772.91,9.97816
1251,4092.29,5878.95,9.97606
1252,3998.79,5827.82,9.97396
1253,4001.52,5933.81,9.9719
1254,3908.05,5882.69,9.96959
1255,6647.95,4435.69,10.0031
1256,6650.27,4542.42,10.0022
1257,6556.7,4491.33,10.0051
1258,6559.03,4598.05,10.0042
1259,6465.43,4546.96,10.007
1260,6467.76,4653.67,10.0059
1261,6374.15,4602.58,10.0087
1262,6376.48,4709.27,10.0075
1263,6282.86,4658.19,10.0102
1264,6285.19,4764.86,10.009
1265,6191.55,4713.78,10.0114
1266,6193.89,4820.44,10.0102
1267,6100.24,4769.36,10.0126
1268,6102.59,4876.0,10.0113
1269,6008.92,4824.92,10.0134
1270,6011.28,4931.54,10.0121
1271,5917.6,4880.47,10.0141
1272,5919.96,4987.06,10.0125
1273,5826.28,4935.99,10.0145
1274,5828.65,5042.56,10.0128
1275,5734.96,4991.48,10.0145
1276,5737.35,5098.03,10.0129
1277,5643.65,5046.96,10.0144
1278,5646.05,5153.47,10.0126
1279,5552.35,5102.4,10.014
1280,5554.76,5208.89,10.0122
1281,5461.06,5157.82,10.0133
1282,5463.49,5264.28,10.0114
1283,5369.78,5213.21,10.0122
1284,5372.23,5319.64,10.0104
1285,5278.53,5268.56,10.0111
1286,5280.99,5374.96,10.009
1287,5187.29,5323.89,10.0095
1288,5189.77,5430.25,10.0075
1289,5096.08,5379.18,10.0078
1290,5098.58,5485.51,10.0057
1291,5004.9,5434.43,10.0057
1292,5007.41,5540.73,10.0036
1293,4913.74,5489.65,10.0035
1294,4916.27,5595.91,10.0014
1295,4822.62,5544.84,10.001
1296,4825.17,5651.06,9.99885
1297,4731.53,5599.99,9.99832
1298,4734.1,5706.17,9.996189999999999
1299,4640.47,5655.1,9.995410000000001
1300,4643.06,5761.25,9.99329
1301,4549.46,5710.17,9.99233
1302,4552.07,5816.28,9.990160000000001
1303,4458.48,5765.2,9.98904
1304,4461.11,5871.27,9.986889999999999
1305,4367.54,5820.19,9.9855
1306,4370.2,5926.22,9.98345
1307,4276.65,5875.14,9.98188
1308,4279.33,5981.13,9.97966
1309,4185.81,5930.05,9.978
1310,4188.5,6036.0,9.97583
1311,4095.01,5984.92,9.973989999999999
1312,6835.02,4537.87,9.9969
1313,6837.32,4644.55,9.99597
1314,6743.81,4593.5,9.99912
1315,6746.11,4700.17,9.99814
1316,6652.59,4649.12,10.0011
1317,6654.88,4755.78,10.0001
1318,6561.34,4704.73,10.0031
1319,6563.64,4811.38,10.002
1320,6470.08,4760.33,10.0048
1321,6472.38,4866.96,10.0036
1322,6378.8,4815.92,10.0063
1323,6381.11,4922.53,10.005
1324,6287.52,4871.5,10.0077
1325,6289.83,4978.09,10.0063
1326,6196.23,4927.05,10.0088
1327,6198.55,5033.62,10.0074
1328,6104.93,4982.59,10.0098
1329,6107.26,5089.14,10.0083
1330,6013.63,5038.11,10.0105
1331,6015.97,5144.63,10.0088
1332,5922.32,5093.61,10.011
1333,5924.67,5200.1,10.0093
1334,5831.02,5149.08,10.0112
1335,5833.39,5255.54,10.0094
1336,5739.73,5204.52,10.0111
1337,5742.11,5310.96,10.0093
1338,5648.45,5259.94,10.0109
1339,5650.84,5366.35,10.0089
1340,5557.17,5315.33,10.0103
1341,5559.58,5421.71,10.0083
1342,5465.91,5370.68,10.0095
1343,5468.33,5477.03,10.0074
1344,5374.67,5426.01,10.0084
1345,5377.11,5532.32,10.0063
1346,5283.45,5481.3,10.0071
1347,5285.9,5587.58,10.0049
1348,5192.25,5536.56,10.0055
1349,5194.72,5642.81,10.0033
1350,5101.07,5591.78,10.0036
1351,5103.57,5698.0,10.0014
1352,5009.93,5646.97,10.0015
1353,5012.44,5753.15,9.99934
1354,4918.81,5702.12,9.99929
1355,4921.34,5808.26,9.99705
1356,4827.72,5757.23,9.99675
1357,4830.27,5863.33,9.99451
1358,4736.67,5812.3,9.99404
1359,4739.24,5918.37,9.9918
1360,4645.66,5867.34,9.99109
1361,4648.25,5973.37,9.98884
1362,4554.68,5922.33,9.988010000000001
1363,4557.3,6028.32,9.98569
1364,4463.75,5977.28,9.98467
1365,4466.38,6083.23,9.9824
1366,4372.85,6032.19,9.98118
1367,4375.51,6138.1,9.97891
1368,4282.01,6087.06,9.97749
1369,7021.95,4639.96,9.99033
1370,7024.21,4746.59,9.98933
1371,6930.78,4695.58,9.99272
1372,6933.04,4802.2,9.99175
1373,6839.59,4751.19,9.99497
1374,6841.85,4857.8,9.99385
1375,6748.39,4806.8,9.99705
1376,6750.65,4913.39,9.99587
1377,6657.16,4862.39,9.99897
1378,6659.43,4968.97,9.99778
1379,6565.92,4917.98,10.0007
1380,6568.19,5024.53,9.99949
1381,6474.67,4973.54,10.0023
1382,6476.95,5080.08,10.001
1383,6383.41,5029.1,10.0037
1384,6385.69,5135.61,10.0023
1385,6292.14,5084.63,10.0049
1386,6294.43,5191.12,10.0034
1387,6200.86,5140.14,10.0059
1388,6203.16,5246.61,10.0043
1389,6109.58,5195.63,10.0067
1390,6111.89,5302.08,10.005
1391,6018.3,5251.1,10.0072
1392,6020.62,5357.52,10.0055
1393,5927.02,5306.54,10.0075
1394,5929.35,5412.93,10.0057
1395,5835.74,5361.96,10.0075
1396,5838.09,5468.32,10.0057
1397,5744.48,5417.35,10.0074
1398,5746.84,5523.68,10.0054
1399,5653.22,5472.71,10.007
1400,5655.6,5579.01,10.005
1401,5561.98,5528.03,10.0063
1402,5564.38,5634.3,10.0042
1403,5470.75,5583.32,10.0054
1404,5473.17,5689.56,10.0032
1405,5379.54,5638.58,10.0042
1406,5381.98,5744.79,10.002
1407,5288.36,5693.81,10.0029
1408,5290.81,5799.98,10.0006
1409,5197.19,5749.0,10.0011
1410,5199.66,5855.13,9.99893
1411,5106.06,5804.15,9.999239999999999
1412,5108.55,5910.25,9.99695
1413,5014.95,5859.27,9.99717
1414,5017.46,5965.32,9.9948
1415,4923.87,5914.34,9.994819999999999
1416,4926.4,6020.36,9.99248
1417,4832.83,5969.38,9.99221
1418,4835.38,6075.36,9.98992
1419,4741.82,6024.38,9.98953
1420,4744.39,6130.32,9.987110000000001
1421,4650.84,6079.33,9.98655
1422,4653.44,6185.23,9.9842
1423,4559.91,6134.24,9.983419999999999
1424,4562.53,6240.1,9.98105
1425,4469.02,6189.11,9.98005
1426,7208.71,4741.96,9.983130000000001
1427,7210.93,4848.53,9.98198
1428,7117.59,4797.57,9.98577
1429,7119.81,4904.13,9.98462
1430,7026.45,4853.18,9.98826
1431,7028.67,4959.73,9.987110000000001
1432,6935.28,4908.78,9.99058
1433,6937.51,5015.31,9.98938
1434,6844.1,4964.36,9.9927
1435,6846.33,5070.88,9.991430000000001
1436,6752.9,5019.94,9.99465
1437,6755.13,5126.44,9.99346
1438,6661.68,5075.5,9.99648
1439,6663.92,5181.98,9.99509
1440,6570.45,5131.04,9.99814
1441,6572.7,5237.51,9.9967
1442,6479.21,5186.57,9.99958
1443,6481.47,5293.01,9.99807
1444,6387.96,5242.08,10.0008
1445,6390.23,5348.5,9.999239999999999
1446,6296.71,5297.57,10.0018
1447,6298.98,5403.96,10.0002
1448,6205.45,5353.03,10.0028
1449,6207.73,5459.4,10.001
1450,6114.19,5408.47,10.0033
1451,6116.49,5514.81,10.0015
1452,6022.94,5463.88,10.0037
1453,6025.24,5570.19,10.0019
1454,5931.68,5519.27,10.0038
1455,5934.0,5625.55,10.0019
1456,5840.44,5574.63,10.0038
1457,5842.77,5680.88,10.0018
1458,5749.2,5629.95,10.0034
1459,5751.55,5736.17,10.0014
1460,5657.98,5685.25,10.0029
1461,5660.35,5791.43,10.0008
1462,5566.77,5740.51,10.0021
1463,5569.15,5846.66,9.99993
1464,5475.58,5795.74,10.0011
1465,5477.98,5901.85,9.99888
1466,5384.4,5850.93,9.99985
1467,5386.83,5957.01,9.99756
1468,5293.25,5906.08,9.998389999999999
1469,5295.7,6012.13,9.99602
1470,5202.13,5961.2,9.99658
1471,5204.59,6067.21,9.99424
1472,5111.03,6016.28,9.99465
1473,5113.52,6122.25,9.99221
1474,5019.97,6071.32,9.9925
1475,5022.47,6177.25,9.990110000000001
1476,4928.93,6126.32,9.99014
1477,4931.46,6232.21,9.98772
1478,4837.93,6181.28,9.98755
1479,4840.48,6287.12,9.98508
1480,4746.96,6236.19,9.98472
1481,4749.53,6341.99,9.98223
1482,4656.03,6291.06,9.981689999999999
1483,7395.29,4843.85,9.9748
1484,7397.47,4950.37,9.97344
1485,7304.23,4899.46,9.97788
1486,7306.41,5005.96,9.97654
1487,7213.13,4955.06,9.98071
1488,7215.31,5061.55,9.97937
1489,7122.02,5010.65,9.98335
1490,7124.2,5117.13,9.98196
1491,7030.88,5066.23,9.98584
1492,7033.07,5172.69,9.98442
1493,6939.72,5121.8,9.98804
1494,6941.91,5228.24,9.98665
1495,6848.54,5177.35,9.99014
1496,6850.74,5283.78,9.9887
1497,6757.35,5232.89,9.99194
1498,6759.56,5339.3,9.9905
1499,6666.15,5288.41,9.99363
1500,6668.36,5394.8,9.99214
1501,6574.93,5343.92,9.99519
1502,6577.15,5450.27,9.99351
1503,6483.71,5399.4,9.99651
1504,6485.94,5505.73,9.99478
1505,6392.48,5454.86,9.997530000000001
1506,6394.72,5561.17,9.9958
1507,6301.24,5510.29,9.998489999999999
1508,6303.5,5616.58,9.99656
1509,6210.01,5565.71,9.99917
1510,6212.27,5671.96,9.99729
1511,6118.77,5621.09,9.99963
1512,6121.05,5727.31,9.99766
1513,6027.54,5676.45,9.99995
1514,6029.84,5782.64,9.99785
1515,5936.32,5731.77,9.9999
1516,5938.63,5837.93,9.9978
1517,5845.11,5787.07,9.99971
1518,5847.43,5893.19,9.997580000000001
1519,5753.9,5842.33,9.99929
1520,5756.24,5948.42,9.99705
1521,5662.71,5897.56,9.998610000000001
1522,5665.07,6003.62,9.996360000000001
1523,5571.54,5952.75,9.99766
1524,5573.92,6058.77,9.995410000000001
1525,5480.38,6007.91,9.99658
1526,5482.78,6113.89,9.99426
1527,5389.25,6063.03,9.99519
1528,5391.67,6168.98,9.9928
1529,5298.14,6118.11,9.99365
1530,5300.58,6224.02,9.99128
1531,5207.06,6173.15,9.99185
1532,5209.52,6279.02,9.98943
1533,5116.0,6228.15,9.98982
1534,5118.48,6333.98,9.9873
1535,5024.98,6283.11,9.98765
1536,5027.48,6388.89,9.98508
1537,4933.98,6338.02,9.98518
1538,4936.51,6443.76,9.98264
1539,4843.03,6392.89,9.9825
1540,7581.66,4945.63,9.964789999999999
1541,7583.79,5052.08,9.96296
1542,7490.66,5001.24,9.96853
1543,7492.79,5107.67,9.96677
1544,7399.63,5056.83,9.97185
1545,7401.76,5163.25,9.97021
1546,7308.56,5112.42,9.975
1547,7310.7,5218.83,9.97332
1548,7217.48,5167.99,9.97781
1549,7219.62,5274.39,9.97622
1550,7126.37,5223.55,9.98049
1551,7128.52,5329.93,9.97883
1552,7035.24,5279.1,9.98284
1553,7037.39,5385.46,9.98125
1554,6944.09,5334.63,9.98506
1555,6946.25,5440.97,9.983419999999999
1556,6852.93,5390.15,9.987060000000001
1557,6855.09,5496.47,9.9853
1558,6761.75,5445.65,9.98884
1559,6763.93,5551.94,9.987110000000001
1560,6670.56,5501.12,9.99048
1561,6672.75,5607.4,9.988669999999999
1562,6579.36,5556.58,9.9918
1563,6581.56,5662.83,9.989939999999999
1564,6488.16,5612.01,9.992939999999999
1565,6490.37,5718.23,9.991060000000001
1566,6396.95,5667.42,9.99392
1567,6399.17,5773.61,9.99202
1568,6305.74,5722.8,9.99475
1569,6307.97,5828.96,9.99272
1570,6214.53,5778.15,9.99531
1571,6216.78,5884.29,9.993210000000001
1572,6123.32,5833.48,9.99563
1573,6125.59,5939.58,9.99351
1574,6032.12,5888.77,9.99578
1575,6034.4,5994.84,9.99351
1576,5940.93,5944.03,9.995610000000001
1577,5943.22,6050.07,9.993360000000001
1578,5849.75,5999.26,9.995339999999999
1579,5852.06,6105.26,9.992989999999999
1580,5758.58,6054.45,9.99478
1581,5760.91,6160.42,9.99243
1582,5667.43,6109.61,9.99404
1583,5669.77,6215.54,9.991530000000001
1584,5576.29,6164.73,9.992939999999999
1585,5578.66,6270.62,9.99058
1586,5485.17,6219.81,9.99185
1587,5487.56,6325.66,9.98926
1588,5394.08,6274.86,9.99041
1589,5396.49,6380.66,9.987789999999999
1590,5303.01,6329.86,9.98875
1591,5305.44,6435.62,9.98621
1592,5211.97,6384.81,9.986839999999999
1593,5214.42,6490.53,9.9842
1594,5120.96,6439.73,9.984739999999999
1595,5123.43,6545.4,9.98208
1596,5029.98,6494.6,9.9825
1597,5050.83,3457.74,10.0291
1598,5142.21,3402.05,10.0299
1599,5144.74,3509.03,10.0297
1600,5236.13,3453.35,10.0302
1601,5238.65,3560.32,10.0301
1602,5330.04,3504.64,10.0304
1603,5332.56,3611.62,10.0301
1604,5423.96,3555.94,10.0301
1605,5426.48,3662.92,10.0298
1606,5517.87,3607.24,10.0295
1607,5520.38,3714.21,10.0291
1608,5611.77,3658.53,10.0288
1609,5614.27,3765.5,10.0283
1610,5705.66,3709.82,10.0275
1611,5708.15,3816.78,10.027
1612,5799.53,3761.1,10.0261
1613,5802.01,3868.05,10.0256
1614,5893.38,3812.38,10.0244
1615,5895.85,3919.32,10.0239
1616,5987.21,3863.65,10.0227
1617,5989.67,3970.57,10.022
1618,6081.02,3914.9,10.0205
1619,6083.47,4021.81,10.0198
1620,6174.8,3966.15,10.0183
1621,6177.23,4073.04,10.0175
1622,6268.55,4017.37,10.0157
1623,6270.97,4124.25,10.0151
1624,6362.27,4068.59,10.0132
1625,6364.68,4175.45,10.0125
1626,6455.96,4119.79,10.0104
1627,6458.35,4226.62,10.0097
1628,6549.62,4170.97,10.0076
1629,6552.0,4277.78,10.0068
1630,6643.25,4222.13,10.0047
1631,6645.6,4328.93,10.004
1632,6736.83,4273.27,10.0017
1633,6739.18,4380.05,10.0009
1634,6830.39,4324.4,9.99868
1635,6832.71,4431.15,9.99783
1636,6923.9,4375.51,9.99543
1637,6926.21,4482.23,9.994580000000001
1638,7017.38,4426.59,9.99214
1639,7019.67,4533.29,9.99126
1640,7110.82,4477.66,9.988669999999999
1641,7113.09,4584.33,9.98777
1642,7204.21,4528.7,9.98503
1643,7206.47,4635.35,9.98413
1644,7297.57,4579.72,9.98132
1645,7299.81,4686.34,9.98025
1646,7390.88,4630.71,9.9772
1647,7393.1,4737.3,9.97605
1648,7484.13,4681.68,9.97268
1649,7486.33,4788.24,9.97146
1650,7577.34,4732.62,9.96775
1651,7579.51,4839.15,9.96636
1652,7670.48,4783.53,9.96233
1653,7672.63,4890.02,9.96074
1654,5045.77,3243.8,10.0291
1655,5137.15,3188.11,10.0297
1656,5139.68,3295.08,10.0299
1657,5231.07,3239.39,10.0303
1658,5233.6,3346.37,10.0303
1659,5324.99,3290.68,10.0305
1660,5327.52,3397.66,10.0305
1661,5418.91,3341.98,10.0304
1662,5421.44,3448.96,10.0303
1663,5512.83,3393.27,10.0299
1664,5515.36,3500.26,10.0298
1665,5606.74,3444.57,10.0292
1666,5609.26,3551.55,10.0291
1667,5700.65,3495.87,10.0282
1668,5703.16,3602.85,10.0279
1669,5794.53,3547.17,10.0269
1670,5797.04,3654.14,10.0266
1671,5888.41,3598.46,10.0254
1672,5890.9,3705.43,10.025
1673,5982.26,3649.75,10.0236
1674,5984.74,3756.7,10.0231
1675,6076.09,3701.03,10.0215
1676,6078.56,3807.97,10.021
1677,6169.89,3752.3,10.0194
1678,6172.35,3859.23,10.0188
1679,6263.67,3803.56,10.017
1680,6266.12,3910.47,10.0164
1681,6357.42,3854.8,10.0145
1682,6359.85,3961.71,10.0139
1683,6451.14,3906.04,10.0118
1684,6453.56,4012.92,10.0112
1685,6544.82,3957.26,10.009
1686,6547.23,4064.12,10.0083
1687,6638.48,4008.46,10.0061
1688,6640.87,4115.31,10.0055
1689,6732.09,4059.65,10.0031
1690,6734.47,4166.47,10.0024
1691,6825.68,4110.81,9.99998
1692,6828.04,4217.62,9.999410000000001
1693,6919.22,4161.97,9.99687
1694,6921.57,4268.75,9.99617
1695,7012.73,4213.1,9.99365
1696,7015.07,4319.86,9.99292
1697,7106.21,4264.21,9.99023
1698,7108.52,4370.95,9.98948
1699,7199.64,4315.3,9.98674
1700,7201.94,4422.02,9.98601
1701,7293.03,4366.38,9.98311
1702,7295.31,4473.06,9.9822
1703,7386.37,4417.42,9.97915
1704,7388.64,4524.08,9.97815
1705,7479.67,4468.45,9.97485
1706,7481.91,4575.08,9.9739
1707,7572.92,4519.45,9.970260000000001
1708,7575.14,4626.05,9.96912
1709,7666.11,4570.42,9.96514
1710,7668.31,4677.0,9.96382
1711,5040.71,3029.89,10.0285
1712,5132.08,2974.2,10.029
1713,5134.62,3081.15,10.0294
1714,5226.0,3025.46,10.0297
1715,5228.54,3132.42,10.03
1716,5319.92,3076.74,10.03
1717,5322.46,3183.71,10.0303
1718,5413.85,3128.02,10.0301
1719,5416.38,3235.0,10.0303
1720,5507.77,3179.31,10.0299
1721,5510.3,3286.29,10.03
1722,5601.69,3230.61,10.0292
1723,5604.22,3337.59,10.0294
1724,5695.6,3281.91,10.0284
1725,5698.13,3388.89,10.0284
1726,5789.5,3333.21,10.0272
1727,5792.02,3440.19,10.0271
1728,5883.38,3384.51,10.0258
1729,5885.9,3491.49,10.0257
1730,5977.25,3435.81,10.0242
1731,5979.76,3542.78,10.0239
1732,6071.1,3487.11,10.0222
1733,6073.6,3594.07,10.0219
1734,6164.92,3538.4,10.0201
1735,6167.41,3645.35,10.0198
1736,6258.72,3589.68,10.0178
1737,6261.2,3696.62,10.0175
1738,6352.5,3640.95,10.0154
1739,6354.96,3747.88,10.015
1740,6446.24,3692.21,10.0128
1741,6448.7,3799.13,10.0123
1742,6539.95,3743.47,10.01
1743,6542.4,3850.37,10.0096
1744,6633.63,3794.7,10.0072
1745,6636.06,3901.59,10.0067
1746,6727.28,3845.93,10.0042
1747,6729.7,3952.8,10.0037
1748,6820.89,3897.13,10.0012
1749,6823.3,4003.98,10.0007
1750,6914.47,3948.33,9.99805
1751,6916.86,4055.16,9.99746
1752,7008.01,3999.5,9.99495
1753,7010.38,4106.31,9.99421
1754,7101.52,4050.66,9.99155
1755,7103.87,4157.45,9.990969999999999
1756,7194.98,4101.8,9.98813
1757,7197.32,4208.56,9.9875
1758,7288.4,4152.92,9.98452
1759,7290.73,4259.66,9.983789999999999
1760,7381.79,4204.02,9.980739999999999
1761,7384.09,4310.73,9.97993
1762,7475.12,4255.1,9.97666
1763,7477.41,4361.79,9.975810000000001
1764,7568.41,4306.15,9.97227
1765,7570.68,4412.82,9.971260000000001
1766,7661.65,4357.18,9.96743
1767,7663.89,4463.82,9.966280000000001
1768,5035.65,2816.04,10.0274
1769,5127.01,2760.36,10.0279
1770,5129.55,2867.27,10.0285
1771,5220.92,2811.59,10.0287
1772,5223.46,2918.52,10.0292
1773,5314.83,2862.85,10.0292
1774,5317.38,2969.78,10.0297
1775,5408.76,2914.11,10.0294
1776,5411.3,3021.06,10.0298
1777,5502.68,2965.39,10.0292
1778,5505.23,3072.34,10.0297
1779,5596.6,3016.67,10.0288
1780,5599.15,3123.64,10.0291
1781,5690.52,3067.96,10.0281
1782,5693.06,3174.93,10.0283
1783,5784.42,3119.26,10.0271
1784,5786.96,3226.23,10.0273
1785,5878.32,3170.57,10.0259
1786,5880.86,3277.54,10.0259
1787,5972.2,3221.87,10.0242
1788,5974.73,3328.84,10.0242
1789,6066.06,3273.17,10.0225
1790,6068.59,3380.14,10.0224
1791,6159.9,3324.47,10.0206
1792,6162.42,3431.44,10.0204
1793,6253.72,3375.77,10.0183
1794,6256.23,3482.73,10.0182
1795,6347.51,3427.06,10.016
1796,6350.01,3534.01,10.0158
1797,6441.28,3478.35,10.0134
1798,6443.77,3585.29,10.0132
1799,6535.02,3529.62,10.0108
1800,6537.49,3636.55,10.0105
1801,6628.72,3580.89,10.008
1802,6631.19,3687.8,10.0076
1803,6722.4,3632.14,10.0052
1804,6724.85,3739.04,10.0047
1805,6816.04,3683.38,10.0022
1806,6818.48,3790.27,10.0017
1807,6909.64,3734.61,9.99912
1808,6912.07,3841.48,9.998610000000001
1809,7003.21,3785.82,9.99597
1810,7005.62,3892.67,9.995460000000001
1811,7096.75,3837.02,9.9927
1812,7099.14,3943.85,9.99211
1813,7190.24,3888.2,9.98926
1814,7192.62,3995.01,9.98877
1815,7283.7,3939.37,9.98574
1816,7286.06,4046.15,9.98518
1817,7377.11,3990.51,9.98201
1818,7379.46,4097.28,9.981489999999999
1819,7470.48,4041.64,9.9781
1820,7472.81,4148.38,9.97742
1821,7563.81,4092.74,9.97388
1822,7566.12,4199.46,9.97312
1823,7657.08,4143.83,9.96921
1824,7659.38,4250.52,9.96836
1825,5030.58,2602.26,10.026
1826,5121.93,2546.6,10.0264
1827,5124.47,2653.47,10.0272
1828,5215.83,2597.81,10.0273
1829,5218.37,2704.69,10.0281
1830,5309.73,2649.03,10.0279
1831,5312.29,2755.93,10.0286
1832,5403.65,2700.27,10.0282
1833,5406.2,2807.18,10.0289
1834,5497.57,2751.52,10.0282
1835,5500.12,2858.44,10.0289
1836,5591.48,2802.79,10.028
1837,5594.05,2909.72,10.0285
1838,5685.4,2854.07,10.0274
1839,5687.96,2961.01,10.0278
1840,5779.31,2905.35,10.0266
1841,5781.87,3012.3,10.0269
1842,5873.21,2956.65,10.0255
1843,5875.77,3063.6,10.0257
1844,5967.1,3007.95,10.0241
1845,5969.65,3114.9,10.0242
1846,6060.97,3059.25,10.0224
1847,6063.52,3166.21,10.0225
1848,6154.82,3110.56,10.0206
1849,6157.37,3217.51,10.0206
1850,6248.66,3161.86,10.0185
1851,6251.2,3268.82,10.0185
1852,6342.47,3213.17,10.0163
1853,6345.0,3320.11,10.0162
1854,6436.25,3264.46,10.0139
1855,6438.77,3371.41,10.0137
1856,6530.01,3315.76,10.0113
1857,6532.52,3422.69,10.0111
1858,6623.74,3367.04,10.0087
1859,6626.24,3473.97,10.0083
1860,6717.44,3418.32,10.0059
1861,6719.92,3525.24,10.0056
1862,6811.1,3469.59,10.0029
1863,6813.58,3576.49,10.0026
1864,6904.73,3520.85,9.9999
1865,6907.2,3627.73,9.99958
1866,6998.33,3572.09,9.996830000000001
1867,7000.78,3678.96,9.996410000000001
1868,7091.89,3623.32,9.99358
1869,7094.33,3730.18,9.993210000000001
1870,7185.42,3674.54,9.990260000000001
1871,7187.84,3781.38,9.98979
1872,7278.9,3725.74,9.986839999999999
1873,7281.31,3832.56,9.98633
1874,7372.35,3776.93,9.983130000000001
1875,7374.74,3883.73,9.982619999999999
1876,7465.75,3828.1,9.97927
1877,7468.13,3934.87,9.978639999999999
1878,7559.11,3879.24,9.97517
1879,7561.47,3986.0,9.97449
1880,7652.42,3930.38,9.97063
1881,7654.76,4037.11,9.97
1882,5025.52,2388.6,10.0241
1883,5116.85,2332.95,10.0244
1884,5119.39,2439.76,10.0254
1885,5210.73,2384.12,10.0254
1886,5213.28,2490.95,10.0264
1887,5304.62,2435.31,10.0262
1888,5307.18,2542.15,10.0271
1889,5398.52,2486.52,10.0267
1890,5401.09,2593.38,10.0275
1891,5492.43,2537.74,10.0268
1892,5495.0,2644.62,10.0276
1893,5586.34,2588.98,10.0267
1894,5588.92,2695.87,10.0274
1895,5680.25,2640.24,10.0263
1896,5682.83,2747.14,10.027
1897,5774.16,2691.51,10.0256
1898,5776.74,2798.42,10.0261
1899,5868.06,2742.79,10.0247
1900,5870.64,2849.71,10.0251
1901,5961.95,2794.08,10.0234
1902,5964.53,2901.01,10.0238
1903,6055.83,2845.37,10.0219
1904,6058.41,2952.31,10.0222
1905,6149.69,2896.68,10.0203
1906,6152.26,3003.61,10.0204
1907,6243.54,2947.98,10.0184
1908,6246.1,3054.92,10.0185
1909,6337.36,2999.29,10.0162
1910,6339.92,3106.22,10.0163
1911,6431.16,3050.59,10.014
1912,6433.71,3157.53,10.014
1913,6524.94,3101.9,10.0115
1914,6527.48,3208.83,10.0115
1915,6618.68,3153.2,10.0089
1916,6621.22,3260.12,10.0088
1917,6712.4,3204.49,10.0062
1918,6714.93,3311.41,10.0061
1919,6806.09,3255.78,10.0034
1920,6808.61,3362.69,10.0032
1921,6899.75,3307.06,10.0005
1922,6902.25,3413.95,10.0002
1923,6993.37,3358.33,9.99741
1924,6995.86,3465.21,9.99719
1925,7086.96,3409.59,9.99426
1926,7089.44,3516.46,9.99397
1927,7180.51,3460.83,9.991060000000001
1928,7182.97,3567.69,9.99062
1929,7274.02,3512.07,9.98752
1930,7276.47,3618.91,9.98718
1931,7367.5,3563.29,9.98398
1932,7369.93,3670.11,9.98359
1933,7460.93,3614.49,9.9802
1934,7463.35,3721.3,9.97976
1935,7554.32,3665.68,9.97605
1936,7556.73,3772.47,9.97563
1937,7647.67,3716.86,9.971680000000001
1938,7650.06,3823.62,9.97119
1939,5020.45,2175.06,10.0219
1940,5111.76,2119.43,10.0221
1941,5114.31,2226.18,10.0232
1942,5205.62,2170.56,10.0233
1943,5208.18,2277.32,10.0244
1944,5299.5,2221.71,10.0241
1945,5302.06,2328.49,10.0252
1946,5393.38,2272.88,10.0247
1947,5395.96,2379.68,10.0257
1948,5487.28,2324.07,10.025
1949,5489.86,2430.89,10.026
1950,5581.18,2375.28,10.0251
1951,5583.76,2482.12,10.0259
1952,5675.08,2426.51,10.0248
1953,5677.67,2533.36,10.0256
1954,5768.98,2477.75,10.0243
1955,5771.58,2584.62,10.025
1956,5862.88,2529.01,10.0235
1957,5865.48,2635.89,10.0241
1958,5956.77,2580.28,10.0225
1959,5959.37,2687.17,10.023
1960,6050.65,2631.57,10.0212
1961,6053.25,2738.46,10.0216
1962,6144.52,2682.86,10.0196
1963,6147.11,2789.76,10.02
1964,6238.37,2734.15,10.0179
1965,6240.96,2841.06,10.0182
1966,6332.2,2785.45,10.0159
1967,6334.79,2892.36,10.0161
1968,6426.01,2836.76,10.0138
1969,6428.59,2943.67,10.0139
1970,6519.8,2888.07,10.0115
1971,6522.38,2994.98,10.0115
1972,6613.56,2939.37,10.009
1973,6616.13,3046.28,10.009
1974,6707.3,2990.68,10.0065
1975,6709.86,3097.58,10.0064
1976,6801.01,3041.98,10.0037
1977,6803.56,3148.88,10.0036
1978,6894.68,3093.27,10.0008
1979,6897.22,3200.16,10.0007
1980,6988.33,3144.56,9.99788
1981,6990.86,3251.44,9.99768
1982,7081.94,3195.84,9.99475
1983,7084.46,3302.71,9.994580000000001
1984,7175.52,3247.11,9.99146
1985,7178.02,3353.97,9.99128
1986,7269.06,3298.37,9.98813
1987,7271.55,3405.22,9.98784
1988,7362.56,3349.62,9.98462
1989,7365.04,3456.46,9.9843
1990,7456.02,3400.86,9.980830000000001
1991,7458.49,3507.68,9.98057
1992,7549.44,3452.08,9.97686
1993,7551.89,3558.89,9.976510000000001
1994,7642.82,3503.29,9.97258
1995,7645.25,3610.08,9.97219
1996,5015.39,1961.65,10.0194
1997,5106.68,1906.05,10.0196
1998,5109.22,2012.73,10.0209
1999,5200.51,1957.14,10.0208
2000,5203.07,2063.83,10.022
2001,5294.37,2008.24,10.0218
2002,5296.93,2114.96,10.023
2003,5388.23,2059.37,10.0225
2004,5390.81,2166.11,10.0237
2005,5482.11,2110.52,10.0229
2006,5484.7,2217.28,10.024
2007,5576.0,2161.7,10.0231
2008,5578.59,2268.47,10.0241
2009,5669.89,2212.89,10.023
2010,5672.49,2319.69,10.024
2011,5763.78,2264.11,10.0227
2012,5766.38,2370.92,10.0235
2013,5857.67,2315.34,10.022
2014,5860.28,2422.16,10.0228
2015,5951.55,2366.59,10.0211
2016,5954.16,2473.42,10.0219
2017,6045.43,2417.85,10.02
2018,6048.04,2524.69,10.0206
2019,6139.3,2469.12,10.0186
2020,6141.91,2575.97,10.0192
2021,6233.15,2520.4,10.0171
2022,6235.76,2627.27,10.0175
2023,6326.99,2571.69,10.0153
2024,6329.6,2678.56,10.0156
2025,6420.81,2622.99,10.0133
2026,6423.41,2729.86,10.0135
2027,6514.6,2674.29,10.0111
2028,6517.21,2781.17,10.0114
2029,6608.38,2725.59,10.0088
2030,6610.98,2832.48,10.009
2031,6702.13,2776.9,10.0063
2032,6704.72,2883.78,10.0064
2033,6795.85,2828.21,10.0037
2034,6798.44,2935.09,10.0037
2035,6889.55,2879.51,10.001
2036,6892.13,2986.39,10.0009
2037,6983.21,2930.81,9.998
2038,6985.78,3037.68,9.99797
2039,7076.85,2982.1,9.99495
2040,7079.4,3088.97,9.9949
2041,7170.44,3033.39,9.991769999999999
2042,7172.99,3140.25,9.99167
2043,7264.01,3084.67,9.988480000000001
2044,7266.54,3191.52,9.98833
2045,7357.54,3135.94,9.98499
2046,7360.06,3242.78,9.984810000000001
2047,7451.02,3187.21,9.98127
2048,7453.53,3294.03,9.98105
2049,7544.47,3238.46,9.977319999999999
2050,7546.97,3345.27,9.97705
2051,7637.87,3289.7,9.97302
2052,7640.36,3396.49,9.9728
2053,5010.33,1748.39,10.0167
2054,5101.59,1692.82,10.0168
2055,5104.13,1799.42,10.0182
2056,5195.4,1743.86,10.0181
2057,5197.96,1850.48,10.0195
2058,5289.23,1794.92,10.0192
2059,5291.8,1901.56,10.0205
2060,5383.07,1846.0,10.02
2061,5385.66,1952.67,10.0213
2062,5476.93,1897.12,10.0206
2063,5479.52,2003.8,10.0218
2064,5570.8,1948.25,10.0209
2065,5573.4,2054.96,10.022
2066,5664.67,1999.41,10.0209
2067,5667.28,2106.13,10.022
2068,5758.55,2050.59,10.0207
2069,5761.17,2157.33,10.0217
2070,5852.43,2101.78,10.0202
2071,5855.05,2208.55,10.0212
2072,5946.3,2153.0,10.0195
2073,5948.93,2259.78,10.0204
2074,6040.17,2204.23,10.0186
2075,6042.8,2311.03,10.0193
2076,6134.04,2255.48,10.0174
2077,6136.67,2362.29,10.018
2078,6227.89,2306.74,10.0159
2079,6230.52,2413.56,10.0166
2080,6321.73,2358.02,10.0144
2081,6324.36,2464.84,10.0148
2082,6415.55,2409.3,10.0125
2083,6418.18,2516.13,10.0129
2084,6509.35,2460.59,10.0104
2085,6511.98,2567.43,10.0108
2086,6603.14,2511.88,10.0082
2087,6605.76,2618.73,10.0085
2088,6696.9,2563.19,10.006
2089,6699.52,2670.03,10.0062
2090,6790.63,2614.49,10.0034
2091,6793.25,2721.34,10.0036
2092,6884.34,2665.79,10.0008
2093,6886.95,2772.64,10.0009
2094,6978.02,2717.1,9.99797
2095,6980.63,2823.95,9.99807
2096,7071.67,2768.4,9.99497
2097,7074.27,2875.25,9.99502
2098,7165.29,2819.7,9.99189
2099,7167.88,2926.54,9.99187
2100,7258.88,2870.99,9.9886
2101,7261.45,2977.83,9.98855
2102,7352.43,2922.28,9.98508
2103,7354.99,3029.11,9.98508
2104,7445.94,2973.56,9.9814
2105,7448.49,3080.38,9.9814
2106,7539.41,3024.84,9.97751
2107,7541.95,3131.65,9.97747
2108,7632.83,3076.1,9.97322
2109,7635.36,3182.9,9.973189999999999
2110,5005.26,1535.29,10.0137
2111,5096.5,1479.75,10.0137
2112,5099.04,1586.27,10.0153
2113,5190.28,1530.74,10.0151
2114,5192.84,1637.28,10.0167
2115,5284.09,1581.75,10.0163
2116,5286.66,1688.31,10.0177
2117,5377.91,1632.79,10.0173
2118,5380.49,1739.38,10.0187
2119,5471.74,1683.85,10.018
2120,5474.34,1790.47,10.0192
2121,5565.59,1734.95,10.0183
2122,5568.19,1841.58,10.0196
2123,5659.44,1786.06,10.0186
2124,5662.06,1892.72,10.0197
2125,5753.3,1837.2,10.0184
2126,5755.93,1943.88,10.0196
2127,5847.16,1888.36,10.0182
2128,5849.8,1995.06,10.0192
2129,5941.03,1939.55,10.0176
2130,5943.67,2046.26,10.0186
2131,6034.89,1990.75,10.0168
2132,6037.53,2097.47,10.0178
2133,6128.74,2041.96,10.0158
2134,6131.39,2148.71,10.0166
2135,6222.59,2093.2,10.0146
2136,6225.24,2199.96,10.0153
2137,6316.42,2144.45,10.013
2138,6319.08,2251.22,10.0137
2139,6410.24,2195.71,10.0114
2140,6412.9,2302.49,10.0119
2141,6504.05,2246.98,10.0095
2142,6506.71,2353.77,10.0101
2143,6597.84,2298.26,10.0075
2144,6600.49,2405.06,10.008
2145,6691.61,2349.55,10.0052
2146,6694.26,2456.36,10.0057
2147,6785.35,2400.85,10.0029
2148,6788.0,2507.66,10.0032
2149,6879.07,2452.15,10.0003
2150,6881.72,2558.96,10.0005
2151,6972.76,2503.45,9.997630000000001
2152,6975.4,2610.27,9.99775
2153,7066.43,2554.75,9.99465
2154,7069.06,2661.57,9.994819999999999
2155,7160.06,2606.06,9.99158
2156,7162.69,2712.87,9.99182
2157,7253.67,2657.36,9.98833
2158,7256.28,2764.17,9.988480000000001
2159,7347.23,2708.66,9.984960000000001
2160,7349.84,2815.46,9.98511
2161,7440.76,2759.95,9.98125
2162,7443.36,2866.75,9.98142
2163,7534.25,2811.24,9.97729
2164,7536.84,2918.03,9.97739
2165,7627.7,2862.53,9.97297
2166,7630.28,2969.31,9.9731
2167,5000.2,1322.36,10.0105
2168,5091.4,1266.86,10.0105
2169,5093.95,1373.28,10.0122
2170,5185.16,1317.79,10.012
2171,5187.72,1424.24,10.0135
2172,5278.94,1368.75,10.0132
2173,5281.51,1475.23,10.0147
2174,5372.73,1419.74,10.0142
2175,5375.32,1526.24,10.0157
2176,5466.54,1470.75,10.015
2177,5469.14,1577.28,10.0165
2178,5560.36,1521.8,10.0156
2179,5562.98,1628.35,10.0171
2180,5654.19,1572.87,10.0159
2181,5656.82,1679.45,10.0173
2182,5748.03,1623.97,10.016
2183,5750.67,1730.56,10.0172
2184,5841.88,1675.09,10.0158
2185,5844.52,1781.71,10.017
2186,5935.73,1726.23,10.0154
2187,5938.38,1832.87,10.0166
2188,6029.57,1777.4,10.0148
2189,6032.23,1884.05,10.0159
2190,6123.42,1828.58,10.0139
2191,6126.08,1935.26,10.0149
2192,6217.25,1879.78,10.0128
2193,6219.92,1986.47,10.0138
2194,6311.08,1931.0,10.0115
2195,6313.76,2037.71,10.0124
2196,6404.9,1982.24,10.0099
2197,6407.58,2088.96,10.0107
2198,6498.7,2033.49,10.0083
2199,6501.38,2140.22,10.0089
2200,6592.49,2084.75,10.0063
2201,6595.17,2191.49,10.007
2202,6686.26,2136.02,10.0042
2203,6688.94,2242.77,10.0048
2204,6780.01,2187.3,10.002
2205,6782.69,2294.06,10.0024
2206,6873.74,2238.59,9.999460000000001
2207,6876.41,2345.36,9.99993
2208,6967.44,2289.89,9.9968
2209,6970.11,2396.66,9.99727
2210,7061.12,2341.18,9.99399
2211,7063.78,2447.96,9.99441
2212,7154.76,2392.49,9.99099
2213,7157.42,2499.26,9.99138
2214,7248.38,2443.79,9.98777
2215,7251.03,2550.56,9.98818
2216,7341.96,2495.09,9.98438
2217,7344.61,2601.87,9.984639999999999
2218,7435.5,2546.39,9.98071
2219,7438.14,2653.17,9.98098
2220,7529.01,2597.7,9.97666
2221,7531.64,2704.46,9.976980000000001
2222,7622.48,2648.99,9.97236
2223,7625.1,2755.75,9.97273
2224,4995.14,1109.61,10.007
2225,5086.31,1054.16,10.0071
2226,5088.86,1160.48,10.0088
2227,5180.04,1105.02,10.0086
2228,5182.6,1211.38,10.0103
2229,5273.78,1155.93,10.0099
2230,5276.36,1262.31,10.0116
2231,5367.55,1206.86,10.0111
2232,5370.14,1313.27,10.0127
2233,5461.33,1257.83,10.0119
2234,5463.94,1364.27,10.0135
2235,5555.13,1308.82,10.0126
2236,5557.75,1415.29,10.0142
2237,5648.94,1359.84,10.0131
2238,5651.57,1466.33,10.0145
2239,5742.75,1410.89,10.0132
2240,5745.4,1517.41,10.0146
2241,5836.58,1461.97,10.0132
2242,5839.23,1568.51,10.0145
2243,5930.4,1513.07,10.0129
2244,5933.07,1619.63,10.0142
2245,6024.23,1564.2,10.0124
2246,6026.91,1670.78,10.0136
2247,6118.06,1615.34,10.0117
2248,6120.74,1721.94,10.0128
2249,6211.89,1666.51,10.0108
2250,6214.57,1773.13,10.0117
2251,6305.71,1717.7,10.0095
2252,6308.4,1824.33,10.0105
2253,6399.52,1768.9,10.0082
2254,6402.21,1875.55,10.0092
2255,6493.31,1820.12,10.0066
2256,6496.01,1926.79,10.0075
2257,6587.1,1871.36,10.0048
2258,6589.8,1978.04,10.0056
2259,6680.87,1922.61,10.0029
2260,6683.57,2029.3,10.0035
2261,6774.62,1973.87,10.0007
2262,6777.32,2080.57,10.0014
2263,6868.35,2025.14,9.998289999999999
2264,6871.05,2131.85,9.999
2265,6962.05,2076.42,9.99568
2266,6964.75,2183.14,9.996360000000001
2267,7055.73,2127.71,9.99292
2268,7058.43,2234.44,9.99358
2269,7149.39,2179.01,9.989989999999999
2270,7152.08,2285.73,9.99055
2271,7243.01,2230.31,9.98679
2272,7245.7,2337.04,9.98735
2273,7336.6,2281.61,9.98333
2274,7339.29,2388.34,9.98391
2275,7430.16,2332.91,9.97959
2276,7432.84,2439.64,9.98022
2277,7523.68,2384.22,9.97556
2278,7526.36,2490.95,9.9762
2279,7617.16,2435.53,9.97124
2280,7619.83,2542.25,9.97188
2281,4990.09,897.0889999999999,10.0034
2282,5081.22,841.683,10.0032
2283,5083.77,947.888,10.0051
2284,5174.91,892.482,10.0049
2285,5177.48,998.7230000000001,10.0067
2286,5268.63,943.319,10.0063
2287,5271.21,1049.59,10.0082
2288,5362.36,994.191,10.0075
2289,5364.96,1100.5,10.0094
2290,5456.11,1045.1,10.0085
2291,5458.72,1151.43,10.0103
2292,5549.88,1096.03,10.0092
2293,5552.51,1202.4,10.011
2294,5643.66,1147.0,10.0098
2295,5646.3,1253.4,10.0114
2296,5737.45,1198.0,10.0101
2297,5740.11,1304.42,10.0117
2298,5831.26,1249.03,10.0102
2299,5833.92,1355.48,10.0118
2300,5925.06,1300.08,10.0101
2301,5927.74,1406.56,10.0115
2302,6018.87,1351.16,10.0097
2303,6021.56,1457.66,10.0111
2304,6112.68,1402.27,10.009
2305,6115.38,1508.78,10.0104
2306,6206.49,1453.4,10.0083
2307,6209.19,1559.93,10.0096
2308,6300.3,1504.55,10.0073
2309,6303.01,1611.1,10.0084
2310,6394.09,1555.72,10.006
2311,6396.81,1662.29,10.0071
2312,6487.88,1606.91,10.0046
2313,6490.6,1713.5,10.0055
2314,6581.66,1658.11,10.0029
2315,6584.38,1764.72,10.0039
2316,6675.42,1709.33,10.001
2317,6678.15,1815.95,10.002
2318,6769.17,1760.57,9.99895
2319,6771.9,1867.2,9.999830000000001
2320,6862.9,1811.82,9.99666
2321,6865.63,1918.47,9.997530000000001
2322,6956.6,1863.09,9.99417
2323,6959.34,1969.74,9.99502
2324,7050.29,1914.36,9.99136
2325,7053.02,2021.02,9.99226
2326,7143.94,1965.64,9.98833
2327,7146.67,2072.31,9.98928
2328,7237.57,2016.93,9.98521
2329,7240.3,2123.6,9.98611
2330,7331.17,2068.23,9.981710000000001
2331,7333.9,2174.9,9.98259
2332,7424.73,2119.53,9.977910000000001
2333,7427.46,2226.21,9.97883
2334,7518.26,2170.84,9.97383
2335,7520.98,2277.51,9.9748
2336,7611.74,2222.15,9.96926
2337,7614.46,2328.82,9.970260000000001
2338,4985.03,684.83,9.999189999999999
2339,5076.13,629.492,9.99902
2340,5078.68,735.547,10.0012
2341,5169.79,680.207,10.0008
2342,5172.35,786.307,10.0029
2343,5263.46,730.965,10.0024
2344,5266.05,837.1060000000001,10.0043
2345,5357.16,781.763,10.0037
2346,5359.76,887.943,10.0057
2347,5450.88,832.6,10.0047
2348,5453.5,938.816,10.0066
2349,5544.62,883.4730000000001,10.0056
2350,5547.25,989.7230000000001,10.0074
2351,5638.37,934.3810000000001,10.0062
2352,5641.02,1040.66,10.0081
2353,5732.14,985.321,10.0067
2354,5734.8,1091.63,10.0084
2355,5825.91,1036.29,10.0068
2356,5828.59,1142.63,10.0085
2357,5919.69,1087.29,10.0068
2358,5922.38,1193.66,10.0085
2359,6013.48,1138.33,10.0065
2360,6016.18,1244.72,10.0082
2361,6107.27,1189.38,10.0061
2362,6109.98,1295.8,10.0077
2363,6201.06,1240.47,10.0054
2364,6203.78,1346.91,10.0069
2365,6294.85,1291.57,10.0044
2366,6297.58,1398.04,10.0059
2367,6388.63,1342.7,10.0033
2368,6391.37,1449.19,10.0048
2369,6482.41,1393.86,10.002
2370,6485.15,1500.36,10.0033
2371,6576.17,1445.03,10.0004
2372,6578.92,1551.55,10.0017
2373,6669.93,1496.22,9.998610000000001
2374,6672.68,1602.76,9.9999
2375,6763.67,1547.43,9.99653
2376,6766.42,1653.98,9.99785
2377,6857.39,1598.65,9.99436
2378,6860.15,1705.22,9.99558
2379,6951.09,1649.89,9.99187
2380,6953.85,1756.47,9.993039999999999
2381,7044.77,1701.15,9.989139999999999
2382,7047.54,1807.73,9.99036
2383,7138.42,1752.41,9.98616
2384,7141.19,1859.01,9.98738
2385,7232.05,1803.69,9.98291
2386,7234.82,1910.29,9.984160000000001
2387,7325.65,1854.98,9.97937
2388,7328.42,1961.58,9.98064
2389,7419.21,1906.27,9.97551
2390,7421.98,2012.88,9.97678
2391,7512.74,1957.58,9.971219999999999
2392,7515.51,2064.19,9.972660000000001
2393,7606.23,2008.89,9.96655
2394,7609.0,2115.5,9.96802
